id,nome,bandeira,endereco,bairro,cidade,estado,cep,latitude,longitude,preco_gasolina,preco_alcool,preco_diesel,preco_gnv,data_coleta,fonte
MG_Teófilo_Otoni_0,Posto Ipiranga Teófilo Otoni 1,Ipiranga,"Av. Brasil, 3513",Bairro MG 5,Teófilo Otoni,MG,37588-884,-17.877189172956516,-41.425278978796996,"5,30","5,18","5,63",N/A,2025-05-18,MinasGasolina
MG_Teófilo_Otoni_1,Posto Ale Teófilo Otoni 2,Ale,"Av. Minas Gerais, 3228",Bairro MG 8,Teófilo Otoni,MG,30001-873,-17.837640656246936,-41.45758131576989,"5,81","4,49","6,06","3,28",2025-05-18,MinasGasolina
MG_Teófilo_Otoni_2,Posto Shell Teófilo Otoni 3,Shell,"Av. Minas Gerais, 2907",Bairro MG 6,Teófilo Otoni,MG,39599-829,-17.91101340483315,-41.44790064058345,"5,81","4,92","5,85","3,92",2025-05-18,MinasGasolina
MG_Teófilo_Otoni_3,Posto Ipiranga Teófilo Otoni 4,Ipiranga,"Av. Amazonas, 5836",Bairro MG 12,Teófilo Otoni,MG,33441-237,-17.770817135074616,-41.448875328263114,"6,37","4,23","5,56",N/A,2025-05-18,MinasGasolina
MG_Teófilo_Otoni_4,Posto Ale Teófilo Otoni 5,Ale,"Av. Afonso Pena, 7931",Bairro MG 8,Teófilo Otoni,MG,30252-383,-17.851037819304683,-41.416080836455464,"5,64","4,65","4,93",N/A,2025-05-18,MinasGasolina
MG_Teófilo_Otoni_5,Posto Ale Teófilo Otoni 6,Ale,"Av. Minas Gerais, 5875",Bairro MG 4,Teófilo Otoni,MG,38898-439,-17.787040897906273,-41.5143992479111,"5,27","4,59","5,75",N/A,2025-05-18,MinasGasolina
MG_Teófilo_Otoni_6,Posto Raízen Teófilo Otoni 7,Raízen,"Av. Minas Gerais, 2101",Bairro MG 13,Teófilo Otoni,MG,39974-481,-17.941301854328863,-41.59959220029471,"6,34","4,80","5,33",N/A,2025-05-18,MinasGasolina
MG_Teófilo_Otoni_7,Posto Shell Teófilo Otoni 8,Shell,"Av. Minas Gerais, 9531",Bairro MG 10,Teófilo Otoni,MG,35580-233,-17.832763142215644,-41.4782041061712,"5,23","4,73","5,56",N/A,2025-05-18,MinasGasolina
MG_Teófilo_Otoni_8,Posto Bandeira Branca Teófilo Otoni 9,Bandeira Branca,"Av. Brasil, 611",Bairro MG 14,Teófilo Otoni,MG,37973-930,-17.779561896940315,-41.55693862467902,"6,20","3,89","4,96","3,97",2025-05-18,MinasGasolina
MG_Teófilo_Otoni_9,Posto Petrobras Teófilo Otoni 10,Petrobras,"Av. Amazonas, 2100",Bairro MG 11,Teófilo Otoni,MG,37196-590,-17.915125120057272,-41.47514317986212,"5,51","4,29","5,26",N/A,2025-05-18,MinasGasolina
MG_Teófilo_Otoni_10,Posto Petrobras Teófilo Otoni 11,Petrobras,"Av. Amazonas, 3917",Bairro MG 10,Teófilo Otoni,MG,33842-372,-17.829515737341012,-41.489595690063815,"5,22","4,18","4,81","3,42",2025-05-18,MinasGasolina
MG_Teófilo_Otoni_11,Posto Petrobras Teófilo Otoni 12,Petrobras,"Av. Amazonas, 1504",Bairro MG 8,Teófilo Otoni,MG,38451-473,-17.907660264928946,-41.434919156825245,"5,74","4,55","5,01",N/A,2025-05-18,MinasGasolina
MG_Teófilo_Otoni_12,Posto Raízen Teófilo Otoni 13,Raízen,"Av. Minas Gerais, 9411",Bairro MG 8,Teófilo Otoni,MG,35071-819,-17.904832846151827,-41.562147763740995,"5,52","4,96","5,95",N/A,2025-05-18,MinasGasolina
MG_Teófilo_Otoni_13,Posto Bandeira Branca Teófilo Otoni 14,Bandeira Branca,"Av. Afonso Pena, 8064",Bairro MG 6,Teófilo Otoni,MG,36962-170,-17.84205369326799,-41.448413726790605,"5,39","4,92","5,54","4,29",2025-05-18,MinasGasolina
MG_Teófilo_Otoni_14,Posto Shell Teófilo Otoni 15,Shell,"Av. Minas Gerais, 5136",Bairro MG 4,Teófilo Otoni,MG,33817-489,-17.914548325686305,-41.55166616124623,"6,06","4,17","4,82",N/A,2025-05-18,MinasGasolina
MG_Teófilo_Otoni_15,Posto Raízen Teófilo Otoni 16,Raízen,"Av. Brasil, 2388",Bairro MG 1,Teófilo Otoni,MG,37637-468,-17.839964672689838,-41.501493541091634,"6,69","4,21","5,50",N/A,2025-05-18,MinasGasolina
MG_Teófilo_Otoni_16,Posto Shell Teófilo Otoni 17,Shell,"Av. Afonso Pena, 183",Bairro MG 15,Teófilo Otoni,MG,30204-985,-17.842728327898904,-41.45265472196875,"6,63","4,04","5,25",N/A,2025-05-18,MinasGasolina
MG_Teófilo_Otoni_17,Posto Shell Teófilo Otoni 18,Shell,"Av. Amazonas, 4561",Bairro MG 2,Teófilo Otoni,MG,39956-137,-17.907801030723846,-41.59441625713249,"5,24","4,09","6,03","4,46",2025-05-18,MinasGasolina
MG_Teófilo_Otoni_18,Posto Raízen Teófilo Otoni 19,Raízen,"Av. Amazonas, 8434",Bairro MG 3,Teófilo Otoni,MG,37899-266,-17.847250309988414,-41.442126429221815,"5,35","4,03","5,01","4,21",2025-05-18,MinasGasolina
MG_Patos_de_Minas_0,Posto Petrobras Patos de Minas 1,Petrobras,"Av. Afonso Pena, 2956",Bairro MG 2,Patos de Minas,MG,39042-484,-18.686655632566,-46.55145662709561,"5,61","4,53","5,82","3,77",2025-05-18,MinasGasolina
MG_Patos_de_Minas_1,Posto Ipiranga Patos de Minas 2,Ipiranga,"Av. Amazonas, 9000",Bairro MG 13,Patos de Minas,MG,30689-456,-18.49994361591403,-46.60144362790004,"5,78","4,01","5,99",N/A,2025-05-18,MinasGasolina
MG_Patos_de_Minas_2,Posto Bandeira Branca Patos de Minas 3,Bandeira Branca,"Av. Minas Gerais, 7676",Bairro MG 3,Patos de Minas,MG,36484-623,-18.635391122970365,-46.4918237196293,"5,48","3,87","5,86","3,30",2025-05-18,MinasGasolina
MG_Patos_de_Minas_3,Posto Shell Patos de Minas 4,Shell,"Av. Afonso Pena, 2997",Bairro MG 9,Patos de Minas,MG,38352-505,-18.528032524619835,-46.51754174398392,"6,46","4,01","5,13",N/A,2025-05-18,MinasGasolina
MG_Patos_de_Minas_4,Posto Shell Patos de Minas 5,Shell,"Av. Afonso Pena, 1107",Bairro MG 8,Patos de Minas,MG,35823-780,-18.60338446200211,-46.55267516713681,"6,39","4,45","4,74",N/A,2025-05-18,MinasGasolina
MG_Patos_de_Minas_5,Posto Ale Patos de Minas 6,Ale,"Av. Minas Gerais, 3801",Bairro MG 13,Patos de Minas,MG,34359-235,-18.54541947229274,-46.56608857953936,"5,22","4,39","5,70",N/A,2025-05-18,MinasGasolina
MG_Patos_de_Minas_6,Posto Bandeira Branca Patos de Minas 7,Bandeira Branca,"Av. Brasil, 5761",Bairro MG 1,Patos de Minas,MG,35497-966,-18.592695198400342,-46.59339257539747,"5,42","4,89","4,90","3,45",2025-05-18,MinasGasolina
MG_Patos_de_Minas_7,Posto Petrobras Patos de Minas 8,Petrobras,"Av. Minas Gerais, 1429",Bairro MG 3,Patos de Minas,MG,35655-804,-18.494944424796383,-46.48727191325257,"5,45","3,84","4,91",N/A,2025-05-18,MinasGasolina
MG_Patos_de_Minas_8,Posto Raízen Patos de Minas 9,Raízen,"Av. Afonso Pena, 1633",Bairro MG 2,Patos de Minas,MG,37817-324,-18.617223449918,-46.53945851672529,"5,26","4,58","5,94",N/A,2025-05-18,MinasGasolina
MG_Patos_de_Minas_9,Posto Ale Patos de Minas 10,Ale,"Av. Afonso Pena, 7552",Bairro MG 7,Patos de Minas,MG,30244-436,-18.525427284063728,-46.57727646315827,"6,29","4,93","5,55","4,09",2025-05-18,MinasGasolina
MG_Patos_de_Minas_10,Posto Bandeira Branca Patos de Minas 11,Bandeira Branca,"Av. Amazonas, 870",Bairro MG 9,Patos de Minas,MG,34695-380,-18.61127194907762,-46.532304422464286,"6,41","4,39","4,96","4,13",2025-05-18,MinasGasolina
MG_Patos_de_Minas_11,Posto Petrobras Patos de Minas 12,Petrobras,"Av. Afonso Pena, 6627",Bairro MG 1,Patos de Minas,MG,39389-295,-18.651646451330937,-46.55311450444144,"6,24","5,09","4,73",N/A,2025-05-18,MinasGasolina
MG_Patos_de_Minas_12,Posto Ipiranga Patos de Minas 13,Ipiranga,"Av. Amazonas, 8332",Bairro MG 14,Patos de Minas,MG,30126-467,-18.50606175716703,-46.52544458638991,"5,68","4,55","5,93",N/A,2025-05-18,MinasGasolina
MG_Patos_de_Minas_13,Posto Ipiranga Patos de Minas 14,Ipiranga,"Av. Brasil, 5079",Bairro MG 11,Patos de Minas,MG,33321-871,-18.525838193256327,-46.521595515035585,"6,21","4,23","5,02",N/A,2025-05-18,MinasGasolina
MG_Patos_de_Minas_14,Posto Ipiranga Patos de Minas 15,Ipiranga,"Av. Amazonas, 2027",Bairro MG 1,Patos de Minas,MG,32430-854,-18.515051076220196,-46.58441314146501,"5,23","4,40","5,35","4,13",2025-05-18,MinasGasolina
MG_Poços_de_Caldas_0,Posto Petrobras Poços de Caldas 1,Petrobras,"Av. Afonso Pena, 5086",Bairro MG 13,Poços de Caldas,MG,38953-247,-21.81486289904554,-46.56070623328956,"5,38","4,18","6,19",N/A,2025-05-18,MinasGasolina
MG_Poços_de_Caldas_1,Posto Shell Poços de Caldas 2,Shell,"Av. Brasil, 5129",Bairro MG 15,Poços de Caldas,MG,35738-245,-21.75761693104245,-46.59358202715545,"6,61","4,85","4,77","3,94",2025-05-18,MinasGasolina
MG_Poços_de_Caldas_2,Posto Ale Poços de Caldas 3,Ale,"Av. Brasil, 8018",Bairro MG 15,Poços de Caldas,MG,30737-893,-21.846653478421278,-46.49439199295884,"5,83","4,52","5,99",N/A,2025-05-18,MinasGasolina
MG_Poços_de_Caldas_3,Posto Raízen Poços de Caldas 4,Raízen,"Av. Amazonas, 6364",Bairro MG 3,Poços de Caldas,MG,36554-876,-21.740445293133195,-46.4902847589669,"6,02","3,76","5,92","4,51",2025-05-18,MinasGasolina
MG_Poços_de_Caldas_4,Posto Bandeira Branca Poços de Caldas 5,Bandeira Branca,"Av. Brasil, 9131",Bairro MG 13,Poços de Caldas,MG,34363-178,-21.845303474451185,-46.53960612762416,"5,88","3,71","5,92","4,07",2025-05-18,MinasGasolina
MG_Poços_de_Caldas_5,Posto Ale Poços de Caldas 6,Ale,"Av. Afonso Pena, 279",Bairro MG 15,Poços de Caldas,MG,34432-500,-21.7282182219389,-46.52509200987918,"5,83","5,10","5,98",N/A,2025-05-18,MinasGasolina
MG_Poços_de_Caldas_6,Posto Ale Poços de Caldas 7,Ale,"Av. Amazonas, 9637",Bairro MG 15,Poços de Caldas,MG,39505-437,-21.722694176175228,-46.60540513211329,"5,32","4,58","5,45","4,40",2025-05-18,MinasGasolina
MG_Poços_de_Caldas_7,Posto Petrobras Poços de Caldas 8,Petrobras,"Av. Minas Gerais, 1459",Bairro MG 4,Poços de Caldas,MG,36439-219,-21.757857768797912,-46.51460760498505,"5,68","5,04","5,49","3,34",2025-05-18,MinasGasolina
MG_Poços_de_Caldas_8,Posto Ipiranga Poços de Caldas 9,Ipiranga,"Av. Brasil, 4728",Bairro MG 13,Poços de Caldas,MG,35268-193,-21.71645663126319,-46.48276336425117,"5,90","4,95","5,86","3,48",2025-05-18,MinasGasolina
MG_Poços_de_Caldas_9,Posto Petrobras Poços de Caldas 10,Petrobras,"Av. Afonso Pena, 8576",Bairro MG 6,Poços de Caldas,MG,31037-823,-21.87918559783585,-46.665491359540425,"6,20","3,81","6,13","4,57",2025-05-18,MinasGasolina
MG_Poços_de_Caldas_10,Posto Raízen Poços de Caldas 11,Raízen,"Av. Minas Gerais, 3408",Bairro MG 2,Poços de Caldas,MG,34360-736,-21.814118841690952,-46.52769600212973,"5,46","4,50","6,19","3,49",2025-05-18,MinasGasolina
MG_Poços_de_Caldas_11,Posto Bandeira Branca Poços de Caldas 12,Bandeira Branca,"Av. Minas Gerais, 5390",Bairro MG 8,Poços de Caldas,MG,33265-824,-21.751503531332933,-46.57252865866509,"5,48","5,13","5,11",N/A,2025-05-18,MinasGasolina
MG_Poços_de_Caldas_12,Posto Petrobras Poços de Caldas 13,Petrobras,"Av. Brasil, 951",Bairro MG 5,Poços de Caldas,MG,38029-677,-21.74068964577463,-46.60152623003244,"6,51","4,77","5,67","3,11",2025-05-18,MinasGasolina
MG_Poços_de_Caldas_13,Posto Shell Poços de Caldas 14,Shell,"Av. Afonso Pena, 8393",Bairro MG 7,Poços de Caldas,MG,37552-787,-21.767493682611452,-46.62522074616277,"6,26","4,68","5,39","3,78",2025-05-18,MinasGasolina
MG_Poços_de_Caldas_14,Posto Bandeira Branca Poços de Caldas 15,Bandeira Branca,"Av. Minas Gerais, 9533",Bairro MG 11,Poços de Caldas,MG,38171-255,-21.86572880273945,-46.64637509980454,"6,38","4,49","5,17",N/A,2025-05-18,MinasGasolina
MG_Poços_de_Caldas_15,Posto Raízen Poços de Caldas 16,Raízen,"Av. Afonso Pena, 2972",Bairro MG 8,Poços de Caldas,MG,39038-372,-21.724254207683984,-46.497081545749914,"5,25","5,18","6,01","4,17",2025-05-18,MinasGasolina
MG_Poços_de_Caldas_16,Posto Petrobras Poços de Caldas 17,Petrobras,"Av. Minas Gerais, 7428",Bairro MG 15,Poços de Caldas,MG,37664-347,-21.78790162387305,-46.57353016734244,"5,79","4,37","4,74","3,46",2025-05-18,MinasGasolina
MG_Poços_de_Caldas_17,Posto Bandeira Branca Poços de Caldas 18,Bandeira Branca,"Av. Brasil, 127",Bairro MG 7,Poços de Caldas,MG,33232-932,-21.72740416602634,-46.66518644137789,"6,58","4,66","5,54",N/A,2025-05-18,MinasGasolina
MG_Poços_de_Caldas_18,Posto Bandeira Branca Poços de Caldas 19,Bandeira Branca,"Av. Minas Gerais, 2516",Bairro MG 8,Poços de Caldas,MG,39927-357,-21.6900015221704,-46.540643325737406,"6,44","4,25","5,19",N/A,2025-05-18,MinasGasolina
MG_Poços_de_Caldas_19,Posto Raízen Poços de Caldas 20,Raízen,"Av. Minas Gerais, 9699",Bairro MG 15,Poços de Caldas,MG,37195-434,-21.702490722740578,-46.521564360904215,"6,00","3,95","5,60",N/A,2025-05-18,MinasGasolina
MG_Sete_Lagoas_0,Posto Ale Sete Lagoas 1,Ale,"Av. Afonso Pena, 6176",Bairro MG 13,Sete Lagoas,MG,38559-498,-19.42821413773397,-44.17969140624135,"6,68","3,85","5,10",N/A,2025-05-18,MinasGasolina
MG_Sete_Lagoas_1,Posto Raízen Sete Lagoas 2,Raízen,"Av. Minas Gerais, 6977",Bairro MG 14,Sete Lagoas,MG,35759-469,-19.43405633329659,-44.305036238096896,"5,84","4,69","5,98",N/A,2025-05-18,MinasGasolina
MG_Sete_Lagoas_2,Posto Ipiranga Sete Lagoas 3,Ipiranga,"Av. Amazonas, 3895",Bairro MG 8,Sete Lagoas,MG,35547-546,-19.457667026625124,-44.228911020561526,"5,62","3,89","5,10","4,34",2025-05-18,MinasGasolina
MG_Sete_Lagoas_3,Posto Bandeira Branca Sete Lagoas 4,Bandeira Branca,"Av. Brasil, 1824",Bairro MG 3,Sete Lagoas,MG,30225-895,-19.419857719332093,-44.330593444759835,"6,19","4,48","6,13",N/A,2025-05-18,MinasGasolina
MG_Sete_Lagoas_4,Posto Raízen Sete Lagoas 5,Raízen,"Av. Brasil, 6930",Bairro MG 5,Sete Lagoas,MG,36285-905,-19.500259778633712,-44.32523004592469,"6,69","4,98","5,30",N/A,2025-05-18,MinasGasolina
MG_Sete_Lagoas_5,Posto Ale Sete Lagoas 6,Ale,"Av. Brasil, 8541",Bairro MG 10,Sete Lagoas,MG,38726-529,-19.503207623648287,-44.15875060908083,"5,38","3,75","6,16","4,45",2025-05-18,MinasGasolina
MG_Sete_Lagoas_6,Posto Ale Sete Lagoas 7,Ale,"Av. Amazonas, 3184",Bairro MG 6,Sete Lagoas,MG,36386-703,-19.38175975262917,-44.19375104679516,"6,18","4,87","5,71",N/A,2025-05-18,MinasGasolina
MG_Sete_Lagoas_7,Posto Ale Sete Lagoas 8,Ale,"Av. Amazonas, 9883",Bairro MG 10,Sete Lagoas,MG,31499-997,-19.447104718879217,-44.33525945078893,"6,15","4,13","5,79",N/A,2025-05-18,MinasGasolina
MG_Sete_Lagoas_8,Posto Raízen Sete Lagoas 9,Raízen,"Av. Amazonas, 7179",Bairro MG 15,Sete Lagoas,MG,36235-286,-19.488788113355387,-44.23912361910575,"6,59","3,79","5,12",N/A,2025-05-18,MinasGasolina
MG_Sete_Lagoas_9,Posto Ipiranga Sete Lagoas 10,Ipiranga,"Av. Afonso Pena, 3728",Bairro MG 10,Sete Lagoas,MG,32274-251,-19.37182362938945,-44.33724853345532,"5,46","5,06","5,16","3,58",2025-05-18,MinasGasolina
MG_Sete_Lagoas_10,Posto Petrobras Sete Lagoas 11,Petrobras,"Av. Afonso Pena, 850",Bairro MG 9,Sete Lagoas,MG,30804-796,-19.449157713023997,-44.170843999807865,"6,09","4,90","5,38",N/A,2025-05-18,MinasGasolina
MG_Sete_Lagoas_11,Posto Petrobras Sete Lagoas 12,Petrobras,"Av. Afonso Pena, 1416",Bairro MG 7,Sete Lagoas,MG,32365-425,-19.41590680610824,-44.28665980551223,"5,59","4,60","5,95","4,09",2025-05-18,MinasGasolina
MG_Sete_Lagoas_12,Posto Ale Sete Lagoas 13,Ale,"Av. Brasil, 3982",Bairro MG 8,Sete Lagoas,MG,34665-125,-19.368122627681235,-44.20715544896012,"6,02","3,71","5,27",N/A,2025-05-18,MinasGasolina
MG_Sete_Lagoas_13,Posto Raízen Sete Lagoas 14,Raízen,"Av. Afonso Pena, 7611",Bairro MG 12,Sete Lagoas,MG,36470-517,-19.41356734057966,-44.27032088632979,"5,27","4,31","5,89","3,70",2025-05-18,MinasGasolina
MG_Ipatinga_0,Posto Raízen Ipatinga 1,Raízen,"Av. Amazonas, 5736",Bairro MG 12,Ipatinga,MG,33043-331,-19.451700397303277,-42.53304414671869,"5,44","4,38","4,88",N/A,2025-05-18,MinasGasolina
MG_Ipatinga_1,Posto Bandeira Branca Ipatinga 2,Bandeira Branca,"Av. Afonso Pena, 4234",Bairro MG 4,Ipatinga,MG,30974-384,-19.562150240092013,-42.62626386117024,"6,32","4,04","6,10","4,38",2025-05-18,MinasGasolina
MG_Ipatinga_2,Posto Petrobras Ipatinga 3,Petrobras,"Av. Brasil, 6355",Bairro MG 7,Ipatinga,MG,35852-187,-19.530994091056783,-42.519552773963774,"6,04","5,17","5,03",N/A,2025-05-18,MinasGasolina
MG_Ipatinga_3,Posto Ale Ipatinga 4,Ale,"Av. Minas Gerais, 6525",Bairro MG 12,Ipatinga,MG,39609-272,-19.545956273024515,-42.46312380947457,"5,20","4,59","6,10","3,95",2025-05-18,MinasGasolina
MG_Ipatinga_4,Posto Ipiranga Ipatinga 5,Ipiranga,"Av. Amazonas, 2809",Bairro MG 2,Ipatinga,MG,30792-866,-19.547602802537025,-42.533828278387915,"6,11","4,64","5,11","4,19",2025-05-18,MinasGasolina
MG_Ipatinga_5,Posto Raízen Ipatinga 6,Raízen,"Av. Amazonas, 6554",Bairro MG 15,Ipatinga,MG,30607-955,-19.432073290919657,-42.572579104118795,"6,45","5,17","4,90","4,07",2025-05-18,MinasGasolina
MG_Ipatinga_6,Posto Raízen Ipatinga 7,Raízen,"Av. Minas Gerais, 4795",Bairro MG 6,Ipatinga,MG,34518-483,-19.551738564500386,-42.61485870991403,"5,57","4,09","6,11",N/A,2025-05-18,MinasGasolina
MG_Ipatinga_7,Posto Ipiranga Ipatinga 8,Ipiranga,"Av. Afonso Pena, 4615",Bairro MG 4,Ipatinga,MG,31840-348,-19.480577656731036,-42.63001159397384,"5,35","4,38","4,76","3,62",2025-05-18,MinasGasolina
MG_Ipatinga_8,Posto Raízen Ipatinga 9,Raízen,"Av. Amazonas, 7702",Bairro MG 11,Ipatinga,MG,34603-355,-19.566882334293755,-42.45844490925164,"5,95","4,41","5,77",N/A,2025-05-18,MinasGasolina
MG_Ipatinga_9,Posto Shell Ipatinga 10,Shell,"Av. Afonso Pena, 6320",Bairro MG 3,Ipatinga,MG,34958-803,-19.485438772139776,-42.54312784714166,"5,46","4,67","4,85",N/A,2025-05-18,MinasGasolina
MG_Ipatinga_10,Posto Bandeira Branca Ipatinga 11,Bandeira Branca,"Av. Minas Gerais, 1056",Bairro MG 15,Ipatinga,MG,34861-446,-19.51815112685841,-42.54758828424739,"5,27","4,39","5,97","3,82",2025-05-18,MinasGasolina
MG_Ipatinga_11,Posto Raízen Ipatinga 12,Raízen,"Av. Amazonas, 8695",Bairro MG 5,Ipatinga,MG,37096-779,-19.39118439338694,-42.61419904711658,"6,51","4,08","5,98",N/A,2025-05-18,MinasGasolina
MG_Ipatinga_12,Posto Bandeira Branca Ipatinga 13,Bandeira Branca,"Av. Afonso Pena, 9116",Bairro MG 13,Ipatinga,MG,30909-495,-19.53414193319856,-42.626364826554756,"6,68","4,02","6,05","4,47",2025-05-18,MinasGasolina
MG_Ipatinga_13,Posto Ale Ipatinga 14,Ale,"Av. Minas Gerais, 1809",Bairro MG 2,Ipatinga,MG,38126-729,-19.39627353729341,-42.502564486897526,"5,65","4,79","6,04",N/A,2025-05-18,MinasGasolina
MG_Ipatinga_14,Posto Ale Ipatinga 15,Ale,"Av. Brasil, 511",Bairro MG 9,Ipatinga,MG,34392-759,-19.445956284327167,-42.62455827291694,"5,43","4,66","5,22",N/A,2025-05-18,MinasGasolina
MG_Ipatinga_15,Posto Petrobras Ipatinga 16,Petrobras,"Av. Brasil, 8798",Bairro MG 5,Ipatinga,MG,31477-499,-19.497531472873003,-42.56662617129756,"6,48","4,30","5,00",N/A,2025-05-18,MinasGasolina
MG_Ipatinga_16,Posto Bandeira Branca Ipatinga 17,Bandeira Branca,"Av. Minas Gerais, 1195",Bairro MG 5,Ipatinga,MG,37318-309,-19.485141826868816,-42.61268300082349,"6,38","4,58","6,18",N/A,2025-05-18,MinasGasolina
MG_Pouso_Alegre_0,Posto Raízen Pouso Alegre 1,Raízen,"Av. Amazonas, 5960",Bairro MG 2,Pouso Alegre,MG,33475-374,-22.191622429190485,-45.88161399209128,"5,34","5,08","6,18","3,13",2025-05-18,MinasGasolina
MG_Pouso_Alegre_1,Posto Ipiranga Pouso Alegre 2,Ipiranga,"Av. Minas Gerais, 7809",Bairro MG 2,Pouso Alegre,MG,32482-988,-22.288821199234505,-45.91145827309662,"6,48","4,93","5,82",N/A,2025-05-18,MinasGasolina
MG_Pouso_Alegre_2,Posto Petrobras Pouso Alegre 3,Petrobras,"Av. Afonso Pena, 4820",Bairro MG 15,Pouso Alegre,MG,39268-131,-22.306148085159002,-45.844015091448476,"5,28","4,82","5,14",N/A,2025-05-18,MinasGasolina
MG_Pouso_Alegre_3,Posto Ipiranga Pouso Alegre 4,Ipiranga,"Av. Amazonas, 7924",Bairro MG 15,Pouso Alegre,MG,33086-845,-22.30622909975499,-46.024015831042526,"5,52","5,00","5,08",N/A,2025-05-18,MinasGasolina
MG_Pouso_Alegre_4,Posto Bandeira Branca Pouso Alegre 5,Bandeira Branca,"Av. Amazonas, 9385",Bairro MG 12,Pouso Alegre,MG,32255-880,-22.215943371426835,-45.90048471337219,"6,69","4,74","6,18","4,33",2025-05-18,MinasGasolina
MG_Pouso_Alegre_5,Posto Shell Pouso Alegre 6,Shell,"Av. Amazonas, 257",Bairro MG 4,Pouso Alegre,MG,34220-613,-22.264654815122594,-45.919554180069085,"6,18","3,90","5,52",N/A,2025-05-18,MinasGasolina
MG_Pouso_Alegre_6,Posto Bandeira Branca Pouso Alegre 7,Bandeira Branca,"Av. Afonso Pena, 5330",Bairro MG 8,Pouso Alegre,MG,34727-624,-22.14771638332765,-46.0063005835689,"6,47","4,95","5,59","3,93",2025-05-18,MinasGasolina
MG_Pouso_Alegre_7,Posto Ipiranga Pouso Alegre 8,Ipiranga,"Av. Amazonas, 3518",Bairro MG 12,Pouso Alegre,MG,33749-835,-22.1696783743241,-45.88299988730694,"6,36","5,11","5,16","4,20",2025-05-18,MinasGasolina
MG_Pouso_Alegre_8,Posto Ale Pouso Alegre 9,Ale,"Av. Minas Gerais, 7066",Bairro MG 2,Pouso Alegre,MG,36226-355,-22.22885273587713,-45.96276091367013,"5,92","4,29","4,84",N/A,2025-05-18,MinasGasolina
MG_Pouso_Alegre_9,Posto Bandeira Branca Pouso Alegre 10,Bandeira Branca,"Av. Amazonas, 8824",Bairro MG 10,Pouso Alegre,MG,38720-831,-22.219216340009748,-45.87756480398267,"6,57","4,32","5,62",N/A,2025-05-18,MinasGasolina
MG_Pouso_Alegre_10,Posto Raízen Pouso Alegre 11,Raízen,"Av. Brasil, 7316",Bairro MG 12,Pouso Alegre,MG,39875-660,-22.187597514114586,-45.84593621215641,"6,12","3,94","5,16","3,94",2025-05-18,MinasGasolina
MG_Pouso_Alegre_11,Posto Ipiranga Pouso Alegre 12,Ipiranga,"Av. Amazonas, 2120",Bairro MG 4,Pouso Alegre,MG,36862-800,-22.317310653134413,-45.97344752510019,"6,01","4,63","6,00",N/A,2025-05-18,MinasGasolina
MG_Pouso_Alegre_12,Posto Raízen Pouso Alegre 13,Raízen,"Av. Minas Gerais, 1005",Bairro MG 13,Pouso Alegre,MG,37779-633,-22.183581484532567,-45.93549078172909,"6,25","3,88","5,65",N/A,2025-05-18,MinasGasolina
MG_Pouso_Alegre_13,Posto Ipiranga Pouso Alegre 14,Ipiranga,"Av. Afonso Pena, 1801",Bairro MG 12,Pouso Alegre,MG,37260-392,-22.225486654606545,-45.84973381203976,"5,99","4,13","5,41",N/A,2025-05-18,MinasGasolina
MG_Ribeirão_das_Neves_0,Posto Petrobras Ribeirão das Neves 1,Petrobras,"Av. Brasil, 5053",Bairro MG 12,Ribeirão das Neves,MG,38625-934,-19.771245816065605,-44.048009367232666,"6,05","4,05","5,26",N/A,2025-05-18,MinasGasolina
MG_Ribeirão_das_Neves_1,Posto Raízen Ribeirão das Neves 2,Raízen,"Av. Brasil, 5631",Bairro MG 8,Ribeirão das Neves,MG,30286-248,-19.720698315402444,-44.00454133569681,"6,13","3,82","5,00",N/A,2025-05-18,MinasGasolina
MG_Ribeirão_das_Neves_2,Posto Petrobras Ribeirão das Neves 3,Petrobras,"Av. Minas Gerais, 9067",Bairro MG 13,Ribeirão das Neves,MG,30722-875,-19.786453921390343,-44.163441438928075,"5,23","4,12","4,84",N/A,2025-05-18,MinasGasolina
MG_Ribeirão_das_Neves_3,Posto Ipiranga Ribeirão das Neves 4,Ipiranga,"Av. Afonso Pena, 5996",Bairro MG 5,Ribeirão das Neves,MG,36197-424,-19.786082807804647,-44.110223082726556,"5,43","3,80","4,92","3,45",2025-05-18,MinasGasolina
MG_Ribeirão_das_Neves_4,Posto Shell Ribeirão das Neves 5,Shell,"Av. Afonso Pena, 4089",Bairro MG 8,Ribeirão das Neves,MG,39112-504,-19.840170263697825,-43.99500488270377,"6,69","4,44","5,73","3,90",2025-05-18,MinasGasolina
MG_Ribeirão_das_Neves_5,Posto Bandeira Branca Ribeirão das Neves 6,Bandeira Branca,"Av. Minas Gerais, 3323",Bairro MG 4,Ribeirão das Neves,MG,31450-447,-19.708438570872186,-44.046324242738855,"6,52","4,60","4,96","3,16",2025-05-18,MinasGasolina
MG_Ribeirão_das_Neves_6,Posto Shell Ribeirão das Neves 7,Shell,"Av. Minas Gerais, 396",Bairro MG 11,Ribeirão das Neves,MG,39377-380,-19.829837533920184,-44.178621071728735,"6,45","4,39","5,35","3,42",2025-05-18,MinasGasolina
MG_Ribeirão_das_Neves_7,Posto Raízen Ribeirão das Neves 8,Raízen,"Av. Minas Gerais, 3865",Bairro MG 8,Ribeirão das Neves,MG,37583-171,-19.7731901781482,-44.02077403855284,"6,40","5,05","5,52",N/A,2025-05-18,MinasGasolina
MG_Ribeirão_das_Neves_8,Posto Ipiranga Ribeirão das Neves 9,Ipiranga,"Av. Afonso Pena, 6283",Bairro MG 2,Ribeirão das Neves,MG,32291-765,-19.86333736591313,-44.09945061936372,"5,97","3,91","5,02","3,44",2025-05-18,MinasGasolina
MG_Ribeirão_das_Neves_9,Posto Petrobras Ribeirão das Neves 10,Petrobras,"Av. Minas Gerais, 4500",Bairro MG 10,Ribeirão das Neves,MG,37782-143,-19.856377447456715,-44.05448920220841,"5,40","4,35","5,80",N/A,2025-05-18,MinasGasolina
MG_Ribeirão_das_Neves_10,Posto Raízen Ribeirão das Neves 11,Raízen,"Av. Minas Gerais, 6706",Bairro MG 4,Ribeirão das Neves,MG,38784-976,-19.84261124597488,-44.069919266936886,"6,64","3,93","5,28",N/A,2025-05-18,MinasGasolina
MG_Ribeirão_das_Neves_11,Posto Bandeira Branca Ribeirão das Neves 12,Bandeira Branca,"Av. Afonso Pena, 6523",Bairro MG 2,Ribeirão das Neves,MG,36478-391,-19.813048537937146,-44.14409750890639,"5,57","3,72","5,82",N/A,2025-05-18,MinasGasolina
MG_Ribeirão_das_Neves_12,Posto Bandeira Branca Ribeirão das Neves 13,Bandeira Branca,"Av. Amazonas, 1871",Bairro MG 5,Ribeirão das Neves,MG,32444-749,-19.679292230053825,-44.08172170632953,"6,51","5,19","4,83","3,15",2025-05-18,MinasGasolina
MG_Ribeirão_das_Neves_13,Posto Petrobras Ribeirão das Neves 14,Petrobras,"Av. Minas Gerais, 4448",Bairro MG 10,Ribeirão das Neves,MG,33832-987,-19.793878664631258,-44.1490922656675,"5,42","4,59","5,76","3,24",2025-05-18,MinasGasolina
MG_Ribeirão_das_Neves_14,Posto Shell Ribeirão das Neves 15,Shell,"Av. Minas Gerais, 8423",Bairro MG 12,Ribeirão das Neves,MG,32247-434,-19.773348758285618,-44.14845724383834,"6,27","4,01","4,98",N/A,2025-05-18,MinasGasolina
MG_Ribeirão_das_Neves_15,Posto Raízen Ribeirão das Neves 16,Raízen,"Av. Amazonas, 3478",Bairro MG 6,Ribeirão das Neves,MG,36924-910,-19.68813761025367,-44.12345614527368,"5,87","4,30","5,48",N/A,2025-05-18,MinasGasolina
MG_Ribeirão_das_Neves_16,Posto Petrobras Ribeirão das Neves 17,Petrobras,"Av. Afonso Pena, 7618",Bairro MG 8,Ribeirão das Neves,MG,39791-909,-19.785623621119665,-44.133756325679144,"6,35","5,06","4,96","4,46",2025-05-18,MinasGasolina
MG_Ribeirão_das_Neves_17,Posto Petrobras Ribeirão das Neves 18,Petrobras,"Av. Brasil, 4056",Bairro MG 1,Ribeirão das Neves,MG,33257-332,-19.701303324441113,-44.06547276882505,"6,16","5,02","4,87",N/A,2025-05-18,MinasGasolina
MG_Ribeirão_das_Neves_18,Posto Ipiranga Ribeirão das Neves 19,Ipiranga,"Av. Minas Gerais, 9898",Bairro MG 14,Ribeirão das Neves,MG,38217-328,-19.72072126900011,-44.12942312577365,"5,70","5,01","4,98",N/A,2025-05-18,MinasGasolina
MG_Ribeirão_das_Neves_19,Posto Ale Ribeirão das Neves 20,Ale,"Av. Afonso Pena, 2218",Bairro MG 10,Ribeirão das Neves,MG,35264-149,-19.73443691570165,-44.067126360608775,"5,75","4,90","4,92",N/A,2025-05-18,MinasGasolina
MG_Ribeirão_das_Neves_20,Posto Shell Ribeirão das Neves 21,Shell,"Av. Amazonas, 6320",Bairro MG 1,Ribeirão das Neves,MG,39546-368,-19.705480770859957,-44.001747281482984,"6,21","4,09","5,69",N/A,2025-05-18,MinasGasolina
MG_Ribeirão_das_Neves_21,Posto Ale Ribeirão das Neves 22,Ale,"Av. Brasil, 7643",Bairro MG 11,Ribeirão das Neves,MG,38676-906,-19.668163120212498,-44.0614375481786,"5,73","4,72","5,10",N/A,2025-05-18,MinasGasolina
MG_Montes_Claros_0,Posto Bandeira Branca Montes Claros 1,Bandeira Branca,"Av. Brasil, 7244",Bairro MG 12,Montes Claros,MG,37188-492,-16.786855013354277,-43.920887999596616,"5,59","5,03","6,19","4,02",2025-05-18,MinasGasolina
MG_Montes_Claros_1,Posto Shell Montes Claros 2,Shell,"Av. Brasil, 5818",Bairro MG 9,Montes Claros,MG,39567-757,-16.665226325679967,-43.94602403399117,"5,80","3,81","4,90","4,13",2025-05-18,MinasGasolina
MG_Montes_Claros_2,Posto Shell Montes Claros 3,Shell,"Av. Amazonas, 4399",Bairro MG 15,Montes Claros,MG,35887-293,-16.824977295862478,-43.871022218700034,"5,50","4,25","5,97","3,27",2025-05-18,MinasGasolina
MG_Montes_Claros_3,Posto Petrobras Montes Claros 4,Petrobras,"Av. Minas Gerais, 3721",Bairro MG 15,Montes Claros,MG,35134-179,-16.791107300081247,-43.86901022823095,"6,52","3,81","5,69","4,14",2025-05-18,MinasGasolina
MG_Montes_Claros_4,Posto Ipiranga Montes Claros 5,Ipiranga,"Av. Amazonas, 7266",Bairro MG 8,Montes Claros,MG,39039-291,-16.802800849317187,-43.89460506306661,"5,27","4,17","4,80",N/A,2025-05-18,MinasGasolina
MG_Montes_Claros_5,Posto Ale Montes Claros 6,Ale,"Av. Minas Gerais, 6419",Bairro MG 15,Montes Claros,MG,30525-209,-16.671823917152018,-43.94382246312669,"6,10","5,00","6,03","3,42",2025-05-18,MinasGasolina
MG_Montes_Claros_6,Posto Ipiranga Montes Claros 7,Ipiranga,"Av. Minas Gerais, 3103",Bairro MG 10,Montes Claros,MG,30214-995,-16.8135740853621,-43.76502259056697,"5,64","4,64","5,42",N/A,2025-05-18,MinasGasolina
MG_Montes_Claros_7,Posto Ale Montes Claros 8,Ale,"Av. Afonso Pena, 4826",Bairro MG 8,Montes Claros,MG,30272-753,-16.762337768955945,-43.76033996405238,"6,59","4,39","4,81",N/A,2025-05-18,MinasGasolina
MG_Montes_Claros_8,Posto Raízen Montes Claros 9,Raízen,"Av. Afonso Pena, 4134",Bairro MG 5,Montes Claros,MG,36774-301,-16.798490078391904,-43.808193109018106,"6,18","4,67","6,14","4,53",2025-05-18,MinasGasolina
MG_Montes_Claros_9,Posto Ipiranga Montes Claros 10,Ipiranga,"Av. Amazonas, 3723",Bairro MG 8,Montes Claros,MG,33610-291,-16.749569291844566,-43.91279532269225,"6,69","3,81","5,28",N/A,2025-05-18,MinasGasolina
MG_Montes_Claros_10,Posto Bandeira Branca Montes Claros 11,Bandeira Branca,"Av. Amazonas, 3161",Bairro MG 12,Montes Claros,MG,31464-757,-16.671801978362463,-43.9149515925851,"5,46","4,01","5,45","3,85",2025-05-18,MinasGasolina
MG_Ibirité_0,Posto Raízen Ibirité 1,Raízen,"Av. Afonso Pena, 4352",Bairro MG 8,Ibirité,MG,31297-279,-19.98335894751127,-44.02193474534978,"5,24","5,09","5,31","4,45",2025-05-18,MinasGasolina
MG_Ibirité_1,Posto Shell Ibirité 2,Shell,"Av. Minas Gerais, 6610",Bairro MG 1,Ibirité,MG,30136-361,-20.0021862904388,-44.032773619878924,"6,25","4,57","5,91",N/A,2025-05-18,MinasGasolina
MG_Ibirité_2,Posto Raízen Ibirité 3,Raízen,"Av. Afonso Pena, 302",Bairro MG 15,Ibirité,MG,36650-609,-20.072747702977058,-44.07741092017817,"5,69","4,59","5,24","3,92",2025-05-18,MinasGasolina
MG_Ibirité_3,Posto Bandeira Branca Ibirité 4,Bandeira Branca,"Av. Amazonas, 9434",Bairro MG 5,Ibirité,MG,31601-295,-20.010703460209637,-44.0559834375589,"6,47","5,01","5,19",N/A,2025-05-18,MinasGasolina
MG_Ibirité_4,Posto Shell Ibirité 5,Shell,"Av. Afonso Pena, 4095",Bairro MG 15,Ibirité,MG,34166-691,-20.06906169889904,-44.151857614544156,"5,81","4,65","5,54","4,33",2025-05-18,MinasGasolina
MG_Ibirité_5,Posto Ipiranga Ibirité 6,Ipiranga,"Av. Amazonas, 2456",Bairro MG 9,Ibirité,MG,38608-802,-19.936919640243083,-44.09084261588298,"6,08","5,02","4,91",N/A,2025-05-18,MinasGasolina
MG_Ibirité_6,Posto Bandeira Branca Ibirité 7,Bandeira Branca,"Av. Brasil, 3469",Bairro MG 4,Ibirité,MG,32438-952,-20.11986025997784,-44.0295709100113,"5,33","3,97","6,04","3,69",2025-05-18,MinasGasolina
MG_Ibirité_7,Posto Ipiranga Ibirité 8,Ipiranga,"Av. Amazonas, 7013",Bairro MG 10,Ibirité,MG,39390-787,-20.083561010292527,-43.982023793924704,"6,52","3,87","5,69",N/A,2025-05-18,MinasGasolina
MG_Ibirité_8,Posto Ale Ibirité 9,Ale,"Av. Amazonas, 4762",Bairro MG 7,Ibirité,MG,34742-828,-19.994201874220586,-44.04051520567685,"5,34","4,96","5,14","4,10",2025-05-18,MinasGasolina
MG_Ibirité_9,Posto Ipiranga Ibirité 10,Ipiranga,"Av. Afonso Pena, 711",Bairro MG 15,Ibirité,MG,37540-329,-20.02308615332669,-44.042509477454054,"6,59","4,56","5,78","3,58",2025-05-18,MinasGasolina
MG_Ibirité_10,Posto Bandeira Branca Ibirité 11,Bandeira Branca,"Av. Amazonas, 2511",Bairro MG 4,Ibirité,MG,30075-738,-20.08570928534678,-43.9758847183026,"5,87","4,54","6,18","4,34",2025-05-18,MinasGasolina
MG_Ibirité_11,Posto Ipiranga Ibirité 12,Ipiranga,"Av. Brasil, 4004",Bairro MG 15,Ibirité,MG,30980-613,-19.99959257645571,-44.091833762031115,"6,38","4,51","6,10",N/A,2025-05-18,MinasGasolina
MG_Ibirité_12,Posto Ale Ibirité 13,Ale,"Av. Minas Gerais, 4277",Bairro MG 13,Ibirité,MG,30987-305,-20.042861550511407,-43.987787719971465,"5,72","4,70","5,76","3,83",2025-05-18,MinasGasolina
MG_Ibirité_13,Posto Ipiranga Ibirité 14,Ipiranga,"Av. Brasil, 7795",Bairro MG 4,Ibirité,MG,30762-647,-20.071177777646444,-43.95720436829463,"6,63","5,15","5,46",N/A,2025-05-18,MinasGasolina
MG_Ibirité_14,Posto Bandeira Branca Ibirité 15,Bandeira Branca,"Av. Afonso Pena, 4310",Bairro MG 14,Ibirité,MG,33333-641,-20.049548033693398,-44.01000464635763,"5,75","4,50","5,24",N/A,2025-05-18,MinasGasolina
MG_Ibirité_15,Posto Bandeira Branca Ibirité 16,Bandeira Branca,"Av. Minas Gerais, 4398",Bairro MG 4,Ibirité,MG,39957-108,-20.073326062326874,-44.08037535254692,"5,33","3,90","4,95","4,30",2025-05-18,MinasGasolina
MG_Ibirité_16,Posto Ale Ibirité 17,Ale,"Av. Brasil, 180",Bairro MG 4,Ibirité,MG,39949-753,-19.958953446853386,-43.96842261372972,"6,22","4,40","5,19","4,05",2025-05-18,MinasGasolina
MG_Ibirité_17,Posto Shell Ibirité 18,Shell,"Av. Afonso Pena, 5284",Bairro MG 12,Ibirité,MG,33725-900,-20.02862864645984,-44.01810725205383,"5,54","4,50","5,93","3,91",2025-05-18,MinasGasolina
MG_Ibirité_18,Posto Petrobras Ibirité 19,Petrobras,"Av. Minas Gerais, 2237",Bairro MG 15,Ibirité,MG,32259-915,-19.96637621492265,-44.0629360493574,"5,44","5,06","5,56","4,56",2025-05-18,MinasGasolina
MG_Ibirité_19,Posto Ipiranga Ibirité 20,Ipiranga,"Av. Minas Gerais, 5245",Bairro MG 1,Ibirité,MG,36869-459,-19.927035557595527,-44.14023694337404,"5,53","4,81","5,91",N/A,2025-05-18,MinasGasolina
MG_Ibirité_20,Posto Bandeira Branca Ibirité 21,Bandeira Branca,"Av. Minas Gerais, 8161",Bairro MG 10,Ibirité,MG,34384-227,-19.935182217963686,-44.12977262215793,"6,45","4,61","4,97",N/A,2025-05-18,MinasGasolina
MG_Ibirité_21,Posto Ipiranga Ibirité 22,Ipiranga,"Av. Afonso Pena, 6088",Bairro MG 5,Ibirité,MG,38478-818,-19.95753254257421,-44.04231493902399,"5,24","4,13","4,75","4,04",2025-05-18,MinasGasolina
MG_Ibirité_22,Posto Shell Ibirité 23,Shell,"Av. Amazonas, 7340",Bairro MG 3,Ibirité,MG,30323-273,-20.049197577187883,-44.149126427254146,"6,46","4,62","4,77","3,78",2025-05-18,MinasGasolina
MG_Ibirité_23,Posto Ale Ibirité 24,Ale,"Av. Minas Gerais, 4823",Bairro MG 3,Ibirité,MG,30901-967,-20.088037919809203,-43.97431892296138,"6,10","4,26","4,80",N/A,2025-05-18,MinasGasolina
MG_Ibirité_24,Posto Petrobras Ibirité 25,Petrobras,"Av. Brasil, 5950",Bairro MG 2,Ibirité,MG,33470-655,-19.98713424956697,-44.06267158361191,"5,23","5,13","5,82",N/A,2025-05-18,MinasGasolina
MG_Ibirité_25,Posto Ipiranga Ibirité 26,Ipiranga,"Av. Brasil, 4983",Bairro MG 10,Ibirité,MG,33020-867,-19.93453372967527,-44.01685579586694,"5,86","3,73","5,75","4,35",2025-05-18,MinasGasolina
MG_Ibirité_26,Posto Ipiranga Ibirité 27,Ipiranga,"Av. Brasil, 5652",Bairro MG 11,Ibirité,MG,32321-931,-20.098114675191553,-44.0505827707123,"5,93","4,62","6,04","4,18",2025-05-18,MinasGasolina
MG_Ibirité_27,Posto Raízen Ibirité 28,Raízen,"Av. Amazonas, 7494",Bairro MG 14,Ibirité,MG,37878-372,-19.930492667387462,-44.06295338359542,"5,27","4,41","5,07","3,71",2025-05-18,MinasGasolina
MG_Ibirité_28,Posto Ipiranga Ibirité 29,Ipiranga,"Av. Brasil, 5118",Bairro MG 2,Ibirité,MG,34859-867,-20.082045076725013,-44.09128549762195,"5,62","4,71","5,92",N/A,2025-05-18,MinasGasolina
MG_Belo_Horizonte_0,Posto Ale Belo Horizonte 1,Ale,"Av. Afonso Pena, 4202",Bairro MG 14,Belo Horizonte,MG,31177-474,-19.998019285196435,-43.970138134325666,"6,22","4,50","4,76",N/A,2025-05-18,MinasGasolina
MG_Belo_Horizonte_1,Posto Raízen Belo Horizonte 2,Raízen,"Av. Amazonas, 3897",Bairro MG 14,Belo Horizonte,MG,34034-448,-19.95807846517313,-44.001287302342284,"5,26","4,42","5,77","4,32",2025-05-18,MinasGasolina
MG_Belo_Horizonte_2,Posto Shell Belo Horizonte 3,Shell,"Av. Brasil, 5987",Bairro MG 7,Belo Horizonte,MG,38208-142,-19.903494579101114,-43.855843225119756,"5,54","3,90","4,86","3,41",2025-05-18,MinasGasolina
MG_Belo_Horizonte_3,Posto Shell Belo Horizonte 4,Shell,"Av. Minas Gerais, 7205",Bairro MG 10,Belo Horizonte,MG,36970-675,-19.999558694907478,-43.9690266351545,"6,44","4,59","4,82","4,45",2025-05-18,MinasGasolina
MG_Belo_Horizonte_4,Posto Bandeira Branca Belo Horizonte 5,Bandeira Branca,"Av. Afonso Pena, 7980",Bairro MG 12,Belo Horizonte,MG,39039-394,-19.997163987161223,-43.926415556227504,"6,41","5,12","5,57","4,59",2025-05-18,MinasGasolina
MG_Belo_Horizonte_5,Posto Raízen Belo Horizonte 6,Raízen,"Av. Brasil, 5385",Bairro MG 13,Belo Horizonte,MG,31754-325,-19.909028492256144,-43.95033667368086,"6,56","4,42","5,33","3,42",2025-05-18,MinasGasolina
MG_Belo_Horizonte_6,Posto Raízen Belo Horizonte 7,Raízen,"Av. Amazonas, 6644",Bairro MG 5,Belo Horizonte,MG,33944-287,-19.968561166650783,-43.86588808627773,"6,24","5,06","5,78","3,37",2025-05-18,MinasGasolina
MG_Belo_Horizonte_7,Posto Ipiranga Belo Horizonte 8,Ipiranga,"Av. Minas Gerais, 6940",Bairro MG 3,Belo Horizonte,MG,38981-598,-19.878281108705625,-43.869636173119204,"5,72","4,73","5,73","4,58",2025-05-18,MinasGasolina
MG_Belo_Horizonte_8,Posto Shell Belo Horizonte 9,Shell,"Av. Afonso Pena, 5963",Bairro MG 11,Belo Horizonte,MG,39634-102,-19.83690713564904,-43.97622243039594,"5,57","3,95","6,02",N/A,2025-05-18,MinasGasolina
MG_Belo_Horizonte_9,Posto Bandeira Branca Belo Horizonte 10,Bandeira Branca,"Av. Minas Gerais, 2185",Bairro MG 15,Belo Horizonte,MG,31695-393,-19.861979961735763,-43.99215564958725,"5,62","4,27","6,07",N/A,2025-05-18,MinasGasolina
MG_Belo_Horizonte_10,Posto Ale Belo Horizonte 11,Ale,"Av. Brasil, 1824",Bairro MG 1,Belo Horizonte,MG,38331-374,-19.879289725203595,-43.89423676996722,"6,23","4,80","5,47",N/A,2025-05-18,MinasGasolina
MG_Belo_Horizonte_11,Posto Ipiranga Belo Horizonte 12,Ipiranga,"Av. Minas Gerais, 573",Bairro MG 9,Belo Horizonte,MG,34620-410,-19.915463664949012,-43.920908895340915,"6,58","3,89","5,36",N/A,2025-05-18,MinasGasolina
MG_Belo_Horizonte_12,Posto Raízen Belo Horizonte 13,Raízen,"Av. Afonso Pena, 9395",Bairro MG 13,Belo Horizonte,MG,35845-779,-19.892508246168564,-43.91548292761355,"5,67","4,76","6,07","4,08",2025-05-18,MinasGasolina
MG_Belo_Horizonte_13,Posto Ale Belo Horizonte 14,Ale,"Av. Brasil, 2077",Bairro MG 9,Belo Horizonte,MG,32572-980,-19.91580004516714,-43.95377104975011,"5,66","3,84","5,58","3,32",2025-05-18,MinasGasolina
MG_Belo_Horizonte_14,Posto Ipiranga Belo Horizonte 15,Ipiranga,"Av. Afonso Pena, 4918",Bairro MG 4,Belo Horizonte,MG,35876-855,-19.910445625923327,-43.99168613009226,"5,68","4,64","6,10","4,45",2025-05-18,MinasGasolina
MG_Belo_Horizonte_15,Posto Raízen Belo Horizonte 16,Raízen,"Av. Afonso Pena, 1785",Bairro MG 14,Belo Horizonte,MG,31419-684,-19.905860420341277,-43.88077077786633,"5,51","3,70","5,79",N/A,2025-05-18,MinasGasolina
MG_Belo_Horizonte_16,Posto Raízen Belo Horizonte 17,Raízen,"Av. Amazonas, 1971",Bairro MG 10,Belo Horizonte,MG,35594-829,-19.95533176184257,-43.861377983642996,"6,24","4,39","5,00",N/A,2025-05-18,MinasGasolina
MG_Belo_Horizonte_17,Posto Shell Belo Horizonte 18,Shell,"Av. Minas Gerais, 994",Bairro MG 1,Belo Horizonte,MG,34973-847,-19.81855070549242,-43.8977629185816,"6,46","5,12","6,17","4,14",2025-05-18,MinasGasolina
MG_Belo_Horizonte_18,Posto Bandeira Branca Belo Horizonte 19,Bandeira Branca,"Av. Minas Gerais, 3201",Bairro MG 7,Belo Horizonte,MG,38924-453,-19.963240456043426,-43.957677787248734,"6,66","4,66","6,11","4,41",2025-05-18,MinasGasolina
MG_Belo_Horizonte_19,Posto Shell Belo Horizonte 20,Shell,"Av. Amazonas, 9608",Bairro MG 9,Belo Horizonte,MG,39282-532,-19.932259742397385,-44.014738440306225,"6,36","4,69","5,21","3,19",2025-05-18,MinasGasolina
MG_Belo_Horizonte_20,Posto Ale Belo Horizonte 21,Ale,"Av. Afonso Pena, 9514",Bairro MG 4,Belo Horizonte,MG,34868-326,-19.968811099808566,-43.84031527481025,"6,23","4,03","5,35",N/A,2025-05-18,MinasGasolina
MG_Belo_Horizonte_21,Posto Bandeira Branca Belo Horizonte 22,Bandeira Branca,"Av. Afonso Pena, 483",Bairro MG 10,Belo Horizonte,MG,38518-798,-19.894580364532832,-43.97747997692321,"6,42","4,10","5,64","3,74",2025-05-18,MinasGasolina
MG_Belo_Horizonte_22,Posto Bandeira Branca Belo Horizonte 23,Bandeira Branca,"Av. Brasil, 865",Bairro MG 12,Belo Horizonte,MG,37661-174,-19.987199864159138,-44.010881823394435,"5,38","4,55","5,45",N/A,2025-05-18,MinasGasolina
MG_Belo_Horizonte_23,Posto Ipiranga Belo Horizonte 24,Ipiranga,"Av. Afonso Pena, 9960",Bairro MG 4,Belo Horizonte,MG,36928-360,-19.834864119240688,-44.02900618455274,"6,69","5,16","5,82","3,17",2025-05-18,MinasGasolina
MG_Governador_Valadares_0,Posto Raízen Governador Valadares 1,Raízen,"Av. Amazonas, 3895",Bairro MG 2,Governador Valadares,MG,33866-503,-18.835412266252547,-41.9267409401104,"5,27","4,43","6,12","4,09",2025-05-18,MinasGasolina
MG_Governador_Valadares_1,Posto Shell Governador Valadares 2,Shell,"Av. Afonso Pena, 7545",Bairro MG 2,Governador Valadares,MG,39601-310,-18.84306813972731,-42.01559574750299,"6,62","5,18","5,17","3,61",2025-05-18,MinasGasolina
MG_Governador_Valadares_2,Posto Petrobras Governador Valadares 3,Petrobras,"Av. Brasil, 5763",Bairro MG 14,Governador Valadares,MG,35199-885,-18.94827628902313,-41.89538078430147,"5,75","4,73","4,94","3,38",2025-05-18,MinasGasolina
MG_Governador_Valadares_3,Posto Raízen Governador Valadares 4,Raízen,"Av. Amazonas, 7221",Bairro MG 14,Governador Valadares,MG,34349-191,-18.881792596717492,-42.04012400317462,"5,31","3,98","5,95","3,26",2025-05-18,MinasGasolina
MG_Governador_Valadares_4,Posto Raízen Governador Valadares 5,Raízen,"Av. Brasil, 9263",Bairro MG 14,Governador Valadares,MG,31888-438,-18.856776345073907,-42.017724086382195,"6,33","4,75","5,39","4,35",2025-05-18,MinasGasolina
MG_Governador_Valadares_5,Posto Ipiranga Governador Valadares 6,Ipiranga,"Av. Minas Gerais, 2314",Bairro MG 6,Governador Valadares,MG,36727-160,-18.80075698757752,-41.99468584491131,"6,14","5,01","5,50","4,34",2025-05-18,MinasGasolina
MG_Governador_Valadares_6,Posto Raízen Governador Valadares 7,Raízen,"Av. Afonso Pena, 755",Bairro MG 15,Governador Valadares,MG,31941-867,-18.76825415432104,-41.890108510218695,"6,57","5,10","5,64",N/A,2025-05-18,MinasGasolina
MG_Governador_Valadares_7,Posto Ale Governador Valadares 8,Ale,"Av. Afonso Pena, 9497",Bairro MG 10,Governador Valadares,MG,34349-901,-18.775410599373945,-41.94481297694573,"5,77","5,19","5,91",N/A,2025-05-18,MinasGasolina
MG_Governador_Valadares_8,Posto Raízen Governador Valadares 9,Raízen,"Av. Amazonas, 4748",Bairro MG 9,Governador Valadares,MG,35386-540,-18.821741418771744,-42.02989317101891,"6,33","4,17","5,84","3,14",2025-05-18,MinasGasolina
MG_Governador_Valadares_9,Posto Ale Governador Valadares 10,Ale,"Av. Brasil, 3540",Bairro MG 8,Governador Valadares,MG,30543-396,-18.89231716153481,-41.93920905721642,"6,33","4,97","5,68","3,78",2025-05-18,MinasGasolina
MG_Juiz_de_Fora_0,Posto Petrobras Juiz de Fora 1,Petrobras,"Av. Minas Gerais, 4135",Bairro MG 15,Juiz de Fora,MG,31934-825,-21.765119200609213,-43.252322917618464,"5,63","4,92","6,07","4,08",2025-05-18,MinasGasolina
MG_Juiz_de_Fora_1,Posto Raízen Juiz de Fora 2,Raízen,"Av. Brasil, 714",Bairro MG 1,Juiz de Fora,MG,34805-387,-21.835018878007286,-43.31521263023303,"5,76","4,70","5,43","4,31",2025-05-18,MinasGasolina
MG_Juiz_de_Fora_2,Posto Bandeira Branca Juiz de Fora 3,Bandeira Branca,"Av. Amazonas, 8131",Bairro MG 9,Juiz de Fora,MG,39315-492,-21.838030717320667,-43.27693902320253,"6,35","4,48","4,91","3,13",2025-05-18,MinasGasolina
MG_Juiz_de_Fora_3,Posto Ale Juiz de Fora 4,Ale,"Av. Minas Gerais, 6827",Bairro MG 8,Juiz de Fora,MG,33196-280,-21.680864218823768,-43.43679466046767,"5,65","3,76","5,84","3,68",2025-05-18,MinasGasolina
MG_Juiz_de_Fora_4,Posto Petrobras Juiz de Fora 5,Petrobras,"Av. Minas Gerais, 6066",Bairro MG 1,Juiz de Fora,MG,35582-209,-21.84808796815248,-43.39463922607442,"5,53","4,15","4,91","3,48",2025-05-18,MinasGasolina
MG_Juiz_de_Fora_5,Posto Shell Juiz de Fora 6,Shell,"Av. Amazonas, 9979",Bairro MG 11,Juiz de Fora,MG,37336-231,-21.834229367217027,-43.308845187845456,"6,51","3,72","5,89","3,91",2025-05-18,MinasGasolina
MG_Juiz_de_Fora_6,Posto Bandeira Branca Juiz de Fora 7,Bandeira Branca,"Av. Afonso Pena, 134",Bairro MG 11,Juiz de Fora,MG,30001-525,-21.77415152506118,-43.39512574391065,"6,63","3,78","5,11",N/A,2025-05-18,MinasGasolina
MG_Juiz_de_Fora_7,Posto Raízen Juiz de Fora 8,Raízen,"Av. Afonso Pena, 5937",Bairro MG 8,Juiz de Fora,MG,39909-790,-21.696058579816327,-43.266704867087704,"5,90","4,18","4,99",N/A,2025-05-18,MinasGasolina
MG_Juiz_de_Fora_8,Posto Bandeira Branca Juiz de Fora 9,Bandeira Branca,"Av. Brasil, 5401",Bairro MG 7,Juiz de Fora,MG,33286-758,-21.844389370164503,-43.37292890067672,"6,08","3,75","5,41","4,16",2025-05-18,MinasGasolina
MG_Juiz_de_Fora_9,Posto Raízen Juiz de Fora 10,Raízen,"Av. Brasil, 2684",Bairro MG 2,Juiz de Fora,MG,38214-559,-21.703778376817482,-43.326141145673695,"6,63","4,35","5,65",N/A,2025-05-18,MinasGasolina
MG_Juiz_de_Fora_10,Posto Ale Juiz de Fora 11,Ale,"Av. Brasil, 2068",Bairro MG 12,Juiz de Fora,MG,34139-470,-21.813965809531044,-43.367901648902674,"6,53","4,46","5,92","3,90",2025-05-18,MinasGasolina
MG_Juiz_de_Fora_11,Posto Raízen Juiz de Fora 12,Raízen,"Av. Minas Gerais, 2025",Bairro MG 6,Juiz de Fora,MG,36523-620,-21.677807477139677,-43.38564800637805,"6,51","4,70","6,11",N/A,2025-05-18,MinasGasolina
MG_Juiz_de_Fora_12,Posto Shell Juiz de Fora 13,Shell,"Av. Amazonas, 6499",Bairro MG 15,Juiz de Fora,MG,31745-209,-21.83673540872112,-43.30954505520583,"5,44","4,45","4,97","3,33",2025-05-18,MinasGasolina
MG_Juiz_de_Fora_13,Posto Ipiranga Juiz de Fora 14,Ipiranga,"Av. Brasil, 2436",Bairro MG 10,Juiz de Fora,MG,31827-687,-21.7591011359193,-43.3380409855023,"6,14","3,86","5,53",N/A,2025-05-18,MinasGasolina
MG_Juiz_de_Fora_14,Posto Shell Juiz de Fora 15,Shell,"Av. Minas Gerais, 1949",Bairro MG 9,Juiz de Fora,MG,34835-903,-21.741554790882763,-43.375873713866156,"5,23","3,94","5,61","3,49",2025-05-18,MinasGasolina
MG_Juiz_de_Fora_15,Posto Shell Juiz de Fora 16,Shell,"Av. Afonso Pena, 7300",Bairro MG 14,Juiz de Fora,MG,32514-914,-21.800997963831005,-43.30534447316746,"6,17","3,97","5,01","4,48",2025-05-18,MinasGasolina
MG_Juiz_de_Fora_16,Posto Shell Juiz de Fora 17,Shell,"Av. Minas Gerais, 3095",Bairro MG 12,Juiz de Fora,MG,32124-539,-21.73267071406745,-43.369566720570894,"6,14","4,79","5,67","4,32",2025-05-18,MinasGasolina
MG_Juiz_de_Fora_17,Posto Shell Juiz de Fora 18,Shell,"Av. Afonso Pena, 3246",Bairro MG 7,Juiz de Fora,MG,32209-615,-21.742079873672324,-43.31703821952484,"5,38","5,12","6,15","4,02",2025-05-18,MinasGasolina
MG_Juiz_de_Fora_18,Posto Petrobras Juiz de Fora 19,Petrobras,"Av. Brasil, 3392",Bairro MG 5,Juiz de Fora,MG,33288-700,-21.79865350503922,-43.375452387762934,"6,28","5,16","5,58",N/A,2025-05-18,MinasGasolina
MG_Juiz_de_Fora_19,Posto Raízen Juiz de Fora 20,Raízen,"Av. Amazonas, 3166",Bairro MG 12,Juiz de Fora,MG,36770-505,-21.829441568915232,-43.42835956738301,"6,27","4,18","5,03",N/A,2025-05-18,MinasGasolina
MG_Juiz_de_Fora_20,Posto Petrobras Juiz de Fora 21,Petrobras,"Av. Afonso Pena, 5292",Bairro MG 8,Juiz de Fora,MG,33069-535,-21.718064036337932,-43.304443724004656,"6,57","3,92","5,11",N/A,2025-05-18,MinasGasolina
MG_Juiz_de_Fora_21,Posto Ale Juiz de Fora 22,Ale,"Av. Brasil, 2797",Bairro MG 2,Juiz de Fora,MG,30489-744,-21.850333164406603,-43.4209922357164,"5,71","4,84","5,68","4,30",2025-05-18,MinasGasolina
MG_Juiz_de_Fora_22,Posto Petrobras Juiz de Fora 23,Petrobras,"Av. Brasil, 7553",Bairro MG 5,Juiz de Fora,MG,39515-332,-21.848688476634734,-43.398044249791134,"5,24","3,75","6,01","3,70",2025-05-18,MinasGasolina
MG_Uberlândia_0,Posto Bandeira Branca Uberlândia 1,Bandeira Branca,"Av. Brasil, 280",Bairro MG 6,Uberlândia,MG,38667-529,-18.925400775220318,-48.1986802834382,"6,62","4,21","5,76",N/A,2025-05-18,MinasGasolina
MG_Uberlândia_1,Posto Raízen Uberlândia 2,Raízen,"Av. Minas Gerais, 2865",Bairro MG 2,Uberlândia,MG,35192-744,-18.899864246946887,-48.219783382131205,"6,30","4,25","4,75",N/A,2025-05-18,MinasGasolina
MG_Uberlândia_2,Posto Ale Uberlândia 3,Ale,"Av. Amazonas, 6541",Bairro MG 2,Uberlândia,MG,31212-672,-18.942957425254477,-48.24688254373669,"6,42","5,14","5,76","4,32",2025-05-18,MinasGasolina
MG_Uberlândia_3,Posto Shell Uberlândia 4,Shell,"Av. Brasil, 5624",Bairro MG 12,Uberlândia,MG,37945-699,-18.86251698302803,-48.347815194441665,"6,17","4,13","4,71","3,54",2025-05-18,MinasGasolina
MG_Uberlândia_4,Posto Ale Uberlândia 5,Ale,"Av. Afonso Pena, 6245",Bairro MG 1,Uberlândia,MG,31803-644,-18.88304542448183,-48.29337336780645,"5,37","4,14","5,05","3,80",2025-05-18,MinasGasolina
MG_Uberlândia_5,Posto Petrobras Uberlândia 6,Petrobras,"Av. Minas Gerais, 1392",Bairro MG 1,Uberlândia,MG,30775-707,-18.9637385888422,-48.28233549809408,"5,52","4,58","4,77",N/A,2025-05-18,MinasGasolina
MG_Uberlândia_6,Posto Shell Uberlândia 7,Shell,"Av. Afonso Pena, 8400",Bairro MG 5,Uberlândia,MG,39793-535,-18.86485480532718,-48.27966627989678,"5,87","3,75","4,70",N/A,2025-05-18,MinasGasolina
MG_Uberlândia_7,Posto Ipiranga Uberlândia 8,Ipiranga,"Av. Afonso Pena, 4658",Bairro MG 14,Uberlândia,MG,33510-704,-18.99140075499335,-48.235912771765136,"5,46","4,20","5,30","4,30",2025-05-18,MinasGasolina
MG_Uberlândia_8,Posto Ale Uberlândia 9,Ale,"Av. Afonso Pena, 2625",Bairro MG 3,Uberlândia,MG,37737-394,-18.946959772164895,-48.30097925187298,"5,56","4,94","4,89","4,07",2025-05-18,MinasGasolina
MG_Uberlândia_9,Posto Ale Uberlândia 10,Ale,"Av. Brasil, 7932",Bairro MG 1,Uberlândia,MG,35934-750,-18.861443654028,-48.29063776000982,"5,99","5,14","5,11","3,25",2025-05-18,MinasGasolina
MG_Uberlândia_10,Posto Bandeira Branca Uberlândia 11,Bandeira Branca,"Av. Afonso Pena, 8160",Bairro MG 11,Uberlândia,MG,32133-173,-18.848045028007473,-48.37251278699743,"5,46","3,88","5,74","4,14",2025-05-18,MinasGasolina
MG_Uberlândia_11,Posto Raízen Uberlândia 12,Raízen,"Av. Afonso Pena, 3444",Bairro MG 14,Uberlândia,MG,32703-480,-19.009896305963778,-48.24591379846589,"6,09","3,77","5,78","4,55",2025-05-18,MinasGasolina
MG_Uberlândia_12,Posto Raízen Uberlândia 13,Raízen,"Av. Afonso Pena, 533",Bairro MG 11,Uberlândia,MG,36749-495,-18.86054844173804,-48.28320842672412,"5,43","5,09","5,05",N/A,2025-05-18,MinasGasolina
MG_Betim_0,Posto Ipiranga Betim 1,Ipiranga,"Av. Brasil, 5962",Bairro MG 13,Betim,MG,31274-748,-20.058569601938235,-44.103896324899004,"5,26","4,86","6,08",N/A,2025-05-18,MinasGasolina
MG_Betim_1,Posto Petrobras Betim 2,Petrobras,"Av. Amazonas, 9819",Bairro MG 12,Betim,MG,31281-371,-20.010542758827057,-44.22062226188589,"5,91","5,05","5,82","3,85",2025-05-18,MinasGasolina
MG_Betim_2,Posto Petrobras Betim 3,Petrobras,"Av. Afonso Pena, 8763",Bairro MG 11,Betim,MG,37419-433,-19.98270526954894,-44.117171054488104,"6,16","5,05","5,34",N/A,2025-05-18,MinasGasolina
MG_Betim_3,Posto Raízen Betim 4,Raízen,"Av. Brasil, 6422",Bairro MG 11,Betim,MG,37781-732,-19.867793513095204,-44.14249650832201,"6,41","3,92","5,47","4,43",2025-05-18,MinasGasolina
MG_Betim_4,Posto Bandeira Branca Betim 5,Bandeira Branca,"Av. Brasil, 341",Bairro MG 12,Betim,MG,30728-874,-19.93583139593552,-44.27085884906581,"5,86","5,15","5,91","3,67",2025-05-18,MinasGasolina
MG_Betim_5,Posto Petrobras Betim 6,Petrobras,"Av. Amazonas, 7759",Bairro MG 1,Betim,MG,30395-511,-20.055762339510864,-44.25597600432453,"5,74","4,06","5,79",N/A,2025-05-18,MinasGasolina
MG_Betim_6,Posto Ale Betim 7,Ale,"Av. Brasil, 4832",Bairro MG 3,Betim,MG,35364-557,-20.018312760074153,-44.2906342336515,"5,36","4,35","6,09",N/A,2025-05-18,MinasGasolina
MG_Betim_7,Posto Bandeira Branca Betim 8,Bandeira Branca,"Av. Afonso Pena, 6600",Bairro MG 10,Betim,MG,35185-889,-20.06207760448002,-44.114042512696926,"5,64","4,14","5,72","4,02",2025-05-18,MinasGasolina
MG_Betim_8,Posto Shell Betim 9,Shell,"Av. Minas Gerais, 1816",Bairro MG 12,Betim,MG,33831-884,-20.04580031088391,-44.260694656148544,"6,49","3,77","5,57",N/A,2025-05-18,MinasGasolina
MG_Betim_9,Posto Ipiranga Betim 10,Ipiranga,"Av. Afonso Pena, 7369",Bairro MG 11,Betim,MG,34648-708,-19.997431226191726,-44.24342753425422,"5,29","4,60","5,87","4,54",2025-05-18,MinasGasolina
MG_Betim_10,Posto Shell Betim 11,Shell,"Av. Amazonas, 6463",Bairro MG 6,Betim,MG,30900-995,-19.93608131210729,-44.277995703058664,"6,19","4,31","5,07","4,30",2025-05-18,MinasGasolina
MG_Betim_11,Posto Bandeira Branca Betim 12,Bandeira Branca,"Av. Afonso Pena, 4925",Bairro MG 2,Betim,MG,33241-350,-20.00979098106348,-44.27449554716893,"5,83","4,08","6,12",N/A,2025-05-18,MinasGasolina
MG_Betim_12,Posto Bandeira Branca Betim 13,Bandeira Branca,"Av. Brasil, 356",Bairro MG 9,Betim,MG,34674-277,-20.02818105456407,-44.20909394167271,"6,23","3,75","5,17",N/A,2025-05-18,MinasGasolina
MG_Betim_13,Posto Shell Betim 14,Shell,"Av. Brasil, 8789",Bairro MG 7,Betim,MG,30926-118,-20.016191754474974,-44.223794218031806,"5,69","4,53","6,09","3,28",2025-05-18,MinasGasolina
MG_Betim_14,Posto Shell Betim 15,Shell,"Av. Minas Gerais, 1045",Bairro MG 2,Betim,MG,37608-278,-20.02719173551123,-44.17387494759003,"5,66","5,14","4,77",N/A,2025-05-18,MinasGasolina
MG_Betim_15,Posto Ale Betim 16,Ale,"Av. Brasil, 9373",Bairro MG 4,Betim,MG,37794-530,-19.966440669663978,-44.21307908878357,"5,74","4,62","6,12","3,52",2025-05-18,MinasGasolina
MG_Betim_16,Posto Shell Betim 17,Shell,"Av. Afonso Pena, 2533",Bairro MG 12,Betim,MG,34759-545,-19.867837954101898,-44.1032376709798,"5,45","3,83","4,75","4,59",2025-05-18,MinasGasolina
MG_Betim_17,Posto Raízen Betim 18,Raízen,"Av. Amazonas, 1383",Bairro MG 3,Betim,MG,36282-996,-20.026967256884216,-44.136813572270924,"6,40","4,99","5,22",N/A,2025-05-18,MinasGasolina
MG_Betim_18,Posto Ipiranga Betim 19,Ipiranga,"Av. Afonso Pena, 9164",Bairro MG 12,Betim,MG,38510-899,-19.996871730824605,-44.282749129982044,"6,61","4,65","6,07","4,05",2025-05-18,MinasGasolina
MG_Betim_19,Posto Shell Betim 20,Shell,"Av. Minas Gerais, 3826",Bairro MG 12,Betim,MG,31528-285,-19.869915114314555,-44.20228129792029,"6,62","4,76","5,08","3,63",2025-05-18,MinasGasolina
MG_Betim_20,Posto Raízen Betim 21,Raízen,"Av. Afonso Pena, 4053",Bairro MG 8,Betim,MG,33252-499,-19.876177333812624,-44.199246510539695,"5,42","5,07","5,44","4,43",2025-05-18,MinasGasolina
MG_Betim_21,Posto Ale Betim 22,Ale,"Av. Afonso Pena, 2919",Bairro MG 7,Betim,MG,31588-772,-20.040239189295196,-44.22270837459059,"6,70","4,31","4,94",N/A,2025-05-18,MinasGasolina
MG_Betim_22,Posto Ipiranga Betim 23,Ipiranga,"Av. Afonso Pena, 9872",Bairro MG 5,Betim,MG,30719-971,-19.95165769600823,-44.2447046510032,"6,68","4,14","4,72","4,01",2025-05-18,MinasGasolina
MG_Betim_23,Posto Raízen Betim 24,Raízen,"Av. Amazonas, 2950",Bairro MG 13,Betim,MG,35780-380,-19.956966883719407,-44.22464288811148,"5,46","4,19","5,26","3,31",2025-05-18,MinasGasolina
MG_Betim_24,Posto Petrobras Betim 25,Petrobras,"Av. Brasil, 8035",Bairro MG 12,Betim,MG,38160-866,-19.979318933451026,-44.24971002428957,"6,27","4,12","5,06",N/A,2025-05-18,MinasGasolina
MG_Betim_25,Posto Ale Betim 26,Ale,"Av. Afonso Pena, 339",Bairro MG 1,Betim,MG,30709-352,-20.0251025938145,-44.216737619155964,"5,62","4,54","4,83","3,26",2025-05-18,MinasGasolina
MG_Betim_26,Posto Shell Betim 27,Shell,"Av. Amazonas, 7120",Bairro MG 7,Betim,MG,33792-156,-20.044881354370798,-44.22378384275017,"5,48","4,10","4,99","4,59",2025-05-18,MinasGasolina
MG_Betim_27,Posto Ipiranga Betim 28,Ipiranga,"Av. Minas Gerais, 995",Bairro MG 13,Betim,MG,31696-525,-19.99386282439275,-44.24623377962415,"5,23","4,16","5,22",N/A,2025-05-18,MinasGasolina
MG_Betim_28,Posto Bandeira Branca Betim 29,Bandeira Branca,"Av. Afonso Pena, 4410",Bairro MG 7,Betim,MG,32516-231,-19.905080722373665,-44.197822676446314,"5,60","4,54","5,38","4,39",2025-05-18,MinasGasolina
MG_Betim_29,Posto Ipiranga Betim 30,Ipiranga,"Av. Amazonas, 9095",Bairro MG 14,Betim,MG,37995-666,-19.912604040276626,-44.1445980949426,"6,25","4,72","5,51","4,22",2025-05-18,MinasGasolina
MG_Santa_Luzia_0,Posto Ale Santa Luzia 1,Ale,"Av. Afonso Pena, 3545",Bairro MG 6,Santa Luzia,MG,37377-978,-19.759798324947973,-43.78440056234217,"6,00","4,68","6,18","3,68",2025-05-18,MinasGasolina
MG_Santa_Luzia_1,Posto Raízen Santa Luzia 2,Raízen,"Av. Amazonas, 3113",Bairro MG 8,Santa Luzia,MG,37714-283,-19.845130878906186,-43.80239114148086,"6,33","4,17","5,89",N/A,2025-05-18,MinasGasolina
MG_Santa_Luzia_2,Posto Raízen Santa Luzia 3,Raízen,"Av. Brasil, 4523",Bairro MG 13,Santa Luzia,MG,39797-765,-19.72601316237287,-43.923151870470754,"5,37","4,51","6,18","3,33",2025-05-18,MinasGasolina
MG_Santa_Luzia_3,Posto Shell Santa Luzia 4,Shell,"Av. Amazonas, 7080",Bairro MG 11,Santa Luzia,MG,37187-295,-19.687862867461273,-43.87136501497962,"6,10","4,42","5,36","3,84",2025-05-18,MinasGasolina
MG_Santa_Luzia_4,Posto Raízen Santa Luzia 5,Raízen,"Av. Amazonas, 4461",Bairro MG 15,Santa Luzia,MG,33175-926,-19.691495942382204,-43.94639489597005,"6,42","3,97","5,28","4,24",2025-05-18,MinasGasolina
MG_Santa_Luzia_5,Posto Petrobras Santa Luzia 6,Petrobras,"Av. Minas Gerais, 845",Bairro MG 6,Santa Luzia,MG,31557-127,-19.68724863351897,-43.83579782742165,"5,40","4,08","5,20",N/A,2025-05-18,MinasGasolina
MG_Santa_Luzia_6,Posto Raízen Santa Luzia 7,Raízen,"Av. Brasil, 1810",Bairro MG 10,Santa Luzia,MG,37869-242,-19.70548408245217,-43.807463294939716,"6,68","3,91","5,48",N/A,2025-05-18,MinasGasolina
MG_Santa_Luzia_7,Posto Ipiranga Santa Luzia 8,Ipiranga,"Av. Minas Gerais, 7431",Bairro MG 1,Santa Luzia,MG,37770-649,-19.83515425355862,-43.91584581550429,"6,05","4,77","4,92","3,55",2025-05-18,MinasGasolina
MG_Santa_Luzia_8,Posto Ale Santa Luzia 9,Ale,"Av. Brasil, 4052",Bairro MG 1,Santa Luzia,MG,30847-510,-19.780589140973753,-43.83108437956201,"5,47","4,82","5,69","3,22",2025-05-18,MinasGasolina
MG_Santa_Luzia_9,Posto Bandeira Branca Santa Luzia 10,Bandeira Branca,"Av. Afonso Pena, 4092",Bairro MG 3,Santa Luzia,MG,31021-906,-19.712750764828296,-43.922790762482244,"5,70","4,27","5,45","3,70",2025-05-18,MinasGasolina
MG_Santa_Luzia_10,Posto Ipiranga Santa Luzia 11,Ipiranga,"Av. Brasil, 4899",Bairro MG 13,Santa Luzia,MG,30791-618,-19.84746995476274,-43.79433428563465,"6,03","4,03","5,02","4,20",2025-05-18,MinasGasolina
MG_Santa_Luzia_11,Posto Ale Santa Luzia 12,Ale,"Av. Amazonas, 2171",Bairro MG 8,Santa Luzia,MG,31941-758,-19.83169637786393,-43.76866379750053,"5,81","4,37","4,83",N/A,2025-05-18,MinasGasolina
MG_Santa_Luzia_12,Posto Petrobras Santa Luzia 13,Petrobras,"Av. Minas Gerais, 3022",Bairro MG 5,Santa Luzia,MG,35788-909,-19.747411006059163,-43.92743265323631,"5,93","3,90","5,19",N/A,2025-05-18,MinasGasolina
MG_Santa_Luzia_13,Posto Raízen Santa Luzia 14,Raízen,"Av. Afonso Pena, 1730",Bairro MG 8,Santa Luzia,MG,38390-698,-19.72139413100425,-43.859817552936924,"5,89","4,38","5,12",N/A,2025-05-18,MinasGasolina
MG_Santa_Luzia_14,Posto Bandeira Branca Santa Luzia 15,Bandeira Branca,"Av. Minas Gerais, 2104",Bairro MG 3,Santa Luzia,MG,37726-719,-19.673597094806194,-43.90584679184221,"6,67","4,56","5,94",N/A,2025-05-18,MinasGasolina
MG_Santa_Luzia_15,Posto Raízen Santa Luzia 16,Raízen,"Av. Brasil, 385",Bairro MG 15,Santa Luzia,MG,31596-453,-19.782209852227822,-43.79831033735879,"6,41","3,71","5,87",N/A,2025-05-18,MinasGasolina
MG_Santa_Luzia_16,Posto Ale Santa Luzia 17,Ale,"Av. Afonso Pena, 138",Bairro MG 10,Santa Luzia,MG,38419-301,-19.73146230723472,-43.85394681098822,"5,65","4,96","4,87","4,45",2025-05-18,MinasGasolina
MG_Santa_Luzia_17,Posto Shell Santa Luzia 18,Shell,"Av. Minas Gerais, 1362",Bairro MG 14,Santa Luzia,MG,31216-928,-19.791321563420745,-43.83118057836001,"5,73","3,96","6,10","4,52",2025-05-18,MinasGasolina
MG_Santa_Luzia_18,Posto Ale Santa Luzia 19,Ale,"Av. Minas Gerais, 4747",Bairro MG 1,Santa Luzia,MG,34943-816,-19.684988911123853,-43.80745069677791,"5,34","4,79","5,80","4,49",2025-05-18,MinasGasolina
MG_Uberaba_0,Posto Raízen Uberaba 1,Raízen,"Av. Amazonas, 8185",Bairro MG 4,Uberaba,MG,30094-533,-19.752896602287553,-47.854219794495464,"5,28","4,19","5,39",N/A,2025-05-18,MinasGasolina
MG_Uberaba_1,Posto Petrobras Uberaba 2,Petrobras,"Av. Amazonas, 3815",Bairro MG 13,Uberaba,MG,39404-510,-19.77070661286356,-47.95236665760527,"5,45","4,44","6,18","3,62",2025-05-18,MinasGasolina
MG_Uberaba_2,Posto Ipiranga Uberaba 3,Ipiranga,"Av. Brasil, 4949",Bairro MG 8,Uberaba,MG,37809-940,-19.700211521721208,-47.84320190786428,"5,62","4,43","6,03","4,54",2025-05-18,MinasGasolina
MG_Uberaba_3,Posto Shell Uberaba 4,Shell,"Av. Afonso Pena, 144",Bairro MG 1,Uberaba,MG,32535-778,-19.701674784685192,-47.986661447398625,"5,26","5,09","5,48",N/A,2025-05-18,MinasGasolina
MG_Uberaba_4,Posto Petrobras Uberaba 5,Petrobras,"Av. Amazonas, 434",Bairro MG 13,Uberaba,MG,30973-635,-19.729188177312466,-47.83852466636167,"6,57","4,50","5,21",N/A,2025-05-18,MinasGasolina
MG_Uberaba_5,Posto Ipiranga Uberaba 6,Ipiranga,"Av. Minas Gerais, 868",Bairro MG 4,Uberaba,MG,39148-353,-19.780471764407775,-47.86358285022934,"5,98","4,42","5,55","4,13",2025-05-18,MinasGasolina
MG_Uberaba_6,Posto Ipiranga Uberaba 7,Ipiranga,"Av. Minas Gerais, 5482",Bairro MG 9,Uberaba,MG,32028-452,-19.771203088702546,-47.905313382112844,"5,29","4,40","5,89",N/A,2025-05-18,MinasGasolina
MG_Uberaba_7,Posto Ipiranga Uberaba 8,Ipiranga,"Av. Minas Gerais, 7752",Bairro MG 4,Uberaba,MG,37920-794,-19.796260264204125,-47.95227419936191,"6,37","4,21","5,08",N/A,2025-05-18,MinasGasolina
MG_Uberaba_8,Posto Shell Uberaba 9,Shell,"Av. Minas Gerais, 9050",Bairro MG 14,Uberaba,MG,35696-644,-19.81125485281227,-47.90150317883661,"6,09","3,84","5,46","4,09",2025-05-18,MinasGasolina
MG_Uberaba_9,Posto Petrobras Uberaba 10,Petrobras,"Av. Amazonas, 9254",Bairro MG 7,Uberaba,MG,39956-606,-19.815383347702202,-47.89017356760798,"5,46","4,60","4,71",N/A,2025-05-18,MinasGasolina
MG_Uberaba_10,Posto Ipiranga Uberaba 11,Ipiranga,"Av. Amazonas, 610",Bairro MG 11,Uberaba,MG,30863-403,-19.666645966905723,-47.88706326327362,"5,33","4,63","5,93",N/A,2025-05-18,MinasGasolina
MG_Uberaba_11,Posto Ale Uberaba 12,Ale,"Av. Afonso Pena, 1524",Bairro MG 5,Uberaba,MG,32847-136,-19.826404217578524,-47.97631067653591,"5,26","5,05","4,83",N/A,2025-05-18,MinasGasolina
MG_Uberaba_12,Posto Raízen Uberaba 13,Raízen,"Av. Brasil, 3679",Bairro MG 14,Uberaba,MG,37059-626,-19.792041676245482,-48.02040069853851,"6,10","4,32","4,85","3,47",2025-05-18,MinasGasolina
MG_Uberaba_13,Posto Ale Uberaba 14,Ale,"Av. Afonso Pena, 4730",Bairro MG 11,Uberaba,MG,39917-160,-19.781501869406682,-48.00714156157878,"5,73","5,15","6,10","4,19",2025-05-18,MinasGasolina
MG_Uberaba_14,Posto Bandeira Branca Uberaba 15,Bandeira Branca,"Av. Minas Gerais, 149",Bairro MG 2,Uberaba,MG,39482-948,-19.772120588748543,-47.97013348692231,"5,77","4,83","5,28",N/A,2025-05-18,MinasGasolina
MG_Uberaba_15,Posto Ale Uberaba 16,Ale,"Av. Brasil, 6297",Bairro MG 8,Uberaba,MG,32626-670,-19.837426696722936,-47.89709786367743,"6,42","5,18","5,89",N/A,2025-05-18,MinasGasolina
MG_Uberaba_16,Posto Ale Uberaba 17,Ale,"Av. Brasil, 2348",Bairro MG 15,Uberaba,MG,38187-343,-19.767892131793644,-47.90015754488328,"6,32","3,93","5,75",N/A,2025-05-18,MinasGasolina
MG_Uberaba_17,Posto Raízen Uberaba 18,Raízen,"Av. Minas Gerais, 7239",Bairro MG 1,Uberaba,MG,31569-118,-19.81251533273634,-47.858534714457775,"5,35","4,93","5,03",N/A,2025-05-18,MinasGasolina
MG_Uberaba_18,Posto Ale Uberaba 19,Ale,"Av. Amazonas, 9334",Bairro MG 11,Uberaba,MG,32859-934,-19.768260190994617,-47.971441418899396,"5,93","4,88","4,85","4,04",2025-05-18,MinasGasolina
MG_Uberaba_19,Posto Ale Uberaba 20,Ale,"Av. Amazonas, 801",Bairro MG 7,Uberaba,MG,38295-783,-19.73618707409552,-47.84606339300349,"5,92","4,58","5,58","3,65",2025-05-18,MinasGasolina
MG_Uberaba_20,Posto Ipiranga Uberaba 21,Ipiranga,"Av. Afonso Pena, 7406",Bairro MG 13,Uberaba,MG,36980-209,-19.81177905455383,-47.9427376283425,"6,13","5,01","5,35",N/A,2025-05-18,MinasGasolina
MG_Uberaba_21,Posto Bandeira Branca Uberaba 22,Bandeira Branca,"Av. Brasil, 9746",Bairro MG 2,Uberaba,MG,33062-738,-19.809560648993767,-47.97847800992385,"5,91","3,70","5,23","4,54",2025-05-18,MinasGasolina
MG_Uberaba_22,Posto Ipiranga Uberaba 23,Ipiranga,"Av. Minas Gerais, 9170",Bairro MG 4,Uberaba,MG,32569-548,-19.685542903508587,-48.019533862087634,"6,37","3,97","5,19","4,25",2025-05-18,MinasGasolina
MG_Uberaba_23,Posto Raízen Uberaba 24,Raízen,"Av. Minas Gerais, 1093",Bairro MG 4,Uberaba,MG,38109-338,-19.769537744729053,-47.96031395361243,"5,31","4,11","5,70","4,17",2025-05-18,MinasGasolina
MG_Uberaba_24,Posto Ipiranga Uberaba 25,Ipiranga,"Av. Afonso Pena, 4735",Bairro MG 8,Uberaba,MG,35017-496,-19.659360210694494,-47.990907038022875,"5,82","4,52","5,59",N/A,2025-05-18,MinasGasolina
MG_Uberaba_25,Posto Ale Uberaba 26,Ale,"Av. Amazonas, 6761",Bairro MG 10,Uberaba,MG,32512-183,-19.846751204563404,-48.00336316192048,"6,15","4,66","5,54","3,18",2025-05-18,MinasGasolina
MG_Uberaba_26,Posto Bandeira Branca Uberaba 27,Bandeira Branca,"Av. Minas Gerais, 8431",Bairro MG 15,Uberaba,MG,36477-954,-19.827007276899486,-48.036971682458585,"5,89","4,16","5,49","3,30",2025-05-18,MinasGasolina
MG_Sabará_0,Posto Ipiranga Sabará 1,Ipiranga,"Av. Minas Gerais, 8186",Bairro MG 15,Sabará,MG,31800-649,-19.83305778254496,-43.795010530122426,"5,42","4,82","4,84",N/A,2025-05-18,MinasGasolina
MG_Sabará_1,Posto Ale Sabará 2,Ale,"Av. Minas Gerais, 7953",Bairro MG 9,Sabará,MG,39899-174,-19.843672647314573,-43.763276991136756,"6,21","3,84","5,90",N/A,2025-05-18,MinasGasolina
MG_Sabará_2,Posto Petrobras Sabará 3,Petrobras,"Av. Amazonas, 763",Bairro MG 1,Sabará,MG,37023-786,-19.924413412974392,-43.73139400206778,"5,97","4,87","5,75",N/A,2025-05-18,MinasGasolina
MG_Sabará_3,Posto Shell Sabará 4,Shell,"Av. Amazonas, 7814",Bairro MG 12,Sabará,MG,30215-325,-19.91208684945282,-43.81751751739839,"5,99","5,19","5,10",N/A,2025-05-18,MinasGasolina
MG_Sabará_4,Posto Ipiranga Sabará 5,Ipiranga,"Av. Afonso Pena, 7345",Bairro MG 9,Sabará,MG,32292-900,-19.98106342413174,-43.85282333150451,"6,41","4,12","5,10","4,15",2025-05-18,MinasGasolina
MG_Sabará_5,Posto Raízen Sabará 6,Raízen,"Av. Brasil, 5768",Bairro MG 12,Sabará,MG,37918-611,-19.829680177842388,-43.846713445101024,"5,65","4,12","4,78",N/A,2025-05-18,MinasGasolina
MG_Sabará_6,Posto Ale Sabará 7,Ale,"Av. Amazonas, 8589",Bairro MG 2,Sabará,MG,34717-664,-19.965511125151824,-43.76823645695747,"5,92","4,88","5,74","3,57",2025-05-18,MinasGasolina
MG_Sabará_7,Posto Ipiranga Sabará 8,Ipiranga,"Av. Minas Gerais, 3537",Bairro MG 6,Sabará,MG,39717-797,-19.858827593459456,-43.71663466951038,"6,16","3,86","5,71","3,73",2025-05-18,MinasGasolina
MG_Sabará_8,Posto Ale Sabará 9,Ale,"Av. Amazonas, 1871",Bairro MG 15,Sabará,MG,31056-414,-19.841795988459715,-43.86987924165735,"5,33","4,05","4,71","3,91",2025-05-18,MinasGasolina
MG_Sabará_9,Posto Ipiranga Sabará 10,Ipiranga,"Av. Brasil, 2086",Bairro MG 7,Sabará,MG,34701-431,-19.803045356363327,-43.74443557404168,"5,99","3,95","5,34",N/A,2025-05-18,MinasGasolina
MG_Sabará_10,Posto Bandeira Branca Sabará 11,Bandeira Branca,"Av. Brasil, 3788",Bairro MG 9,Sabará,MG,39388-754,-19.85547360486009,-43.826245349135704,"6,09","5,17","5,69",N/A,2025-05-18,MinasGasolina
MG_Sabará_11,Posto Raízen Sabará 12,Raízen,"Av. Minas Gerais, 4631",Bairro MG 1,Sabará,MG,36837-427,-19.9566577521144,-43.87608318446916,"6,44","4,92","5,59","3,55",2025-05-18,MinasGasolina
MG_Sabará_12,Posto Raízen Sabará 13,Raízen,"Av. Minas Gerais, 7899",Bairro MG 5,Sabará,MG,37903-425,-19.930780715967344,-43.71290779497314,"5,40","4,88","5,38","3,13",2025-05-18,MinasGasolina
MG_Sabará_13,Posto Bandeira Branca Sabará 14,Bandeira Branca,"Av. Minas Gerais, 1898",Bairro MG 13,Sabará,MG,30580-942,-19.919731428914336,-43.79794756355504,"5,57","4,61","5,37",N/A,2025-05-18,MinasGasolina
MG_Sabará_14,Posto Ale Sabará 15,Ale,"Av. Brasil, 8156",Bairro MG 14,Sabará,MG,35667-867,-19.950639640468868,-43.727465626089405,"5,79","4,10","5,93","4,07",2025-05-18,MinasGasolina
MG_Sabará_15,Posto Ale Sabará 16,Ale,"Av. Amazonas, 3357",Bairro MG 4,Sabará,MG,35290-150,-19.922081036656227,-43.733598383717876,"5,28","5,19","5,44","4,25",2025-05-18,MinasGasolina
MG_Sabará_16,Posto Ipiranga Sabará 17,Ipiranga,"Av. Minas Gerais, 5312",Bairro MG 10,Sabará,MG,39831-775,-19.906131635913656,-43.80708419701634,"5,50","4,66","5,14","3,20",2025-05-18,MinasGasolina
MG_Sabará_17,Posto Bandeira Branca Sabará 18,Bandeira Branca,"Av. Amazonas, 505",Bairro MG 13,Sabará,MG,35646-173,-19.81798103709185,-43.86029494499175,"6,42","4,11","5,58",N/A,2025-05-18,MinasGasolina
MG_Sabará_18,Posto Petrobras Sabará 19,Petrobras,"Av. Amazonas, 9419",Bairro MG 8,Sabará,MG,31293-935,-19.90332225269627,-43.77826728136275,"5,55","4,60","5,69",N/A,2025-05-18,MinasGasolina
MG_Sabará_19,Posto Ale Sabará 20,Ale,"Av. Afonso Pena, 3713",Bairro MG 15,Sabará,MG,30832-101,-19.944625670212535,-43.816223767315044,"5,78","3,73","5,20","3,16",2025-05-18,MinasGasolina
MG_Contagem_0,Posto Bandeira Branca Contagem 1,Bandeira Branca,"Av. Brasil, 1922",Bairro MG 7,Contagem,MG,35154-430,-20.027905246156184,-44.07085347701122,"6,48","3,72","5,30","3,39",2025-05-18,MinasGasolina
MG_Contagem_1,Posto Shell Contagem 2,Shell,"Av. Amazonas, 545",Bairro MG 2,Contagem,MG,39956-346,-19.893040651350212,-44.0971180699765,"6,33","4,97","4,93",N/A,2025-05-18,MinasGasolina
MG_Contagem_2,Posto Ale Contagem 3,Ale,"Av. Amazonas, 2679",Bairro MG 2,Contagem,MG,31250-708,-19.8547482399746,-44.11076491331104,"5,22","4,61","5,65",N/A,2025-05-18,MinasGasolina
MG_Contagem_3,Posto Raízen Contagem 4,Raízen,"Av. Amazonas, 7240",Bairro MG 13,Contagem,MG,30896-750,-20.00971005663268,-44.112582387625956,"6,12","3,84","5,73","4,03",2025-05-18,MinasGasolina
MG_Contagem_4,Posto Bandeira Branca Contagem 5,Bandeira Branca,"Av. Minas Gerais, 3209",Bairro MG 10,Contagem,MG,37807-912,-19.971027000691027,-44.062986902463976,"5,89","4,63","5,54",N/A,2025-05-18,MinasGasolina
MG_Contagem_5,Posto Ale Contagem 6,Ale,"Av. Afonso Pena, 2929",Bairro MG 9,Contagem,MG,37608-151,-19.85391302599284,-44.04923212366083,"5,27","3,80","5,29",N/A,2025-05-18,MinasGasolina
MG_Contagem_6,Posto Bandeira Branca Contagem 7,Bandeira Branca,"Av. Brasil, 7486",Bairro MG 6,Contagem,MG,35742-339,-19.856143268735703,-44.0847894503195,"6,68","5,09","4,82",N/A,2025-05-18,MinasGasolina
MG_Contagem_7,Posto Raízen Contagem 8,Raízen,"Av. Afonso Pena, 6220",Bairro MG 6,Contagem,MG,37898-804,-19.907015452231686,-44.10718659283853,"6,67","3,70","5,19","3,27",2025-05-18,MinasGasolina
MG_Contagem_8,Posto Bandeira Branca Contagem 9,Bandeira Branca,"Av. Minas Gerais, 4265",Bairro MG 6,Contagem,MG,37580-262,-19.975294433545884,-44.098348784893226,"6,52","4,48","5,12","4,10",2025-05-18,MinasGasolina
MG_Contagem_9,Posto Raízen Contagem 10,Raízen,"Av. Amazonas, 8771",Bairro MG 1,Contagem,MG,30514-174,-20.014851882252415,-43.9873937812133,"6,24","4,07","4,81",N/A,2025-05-18,MinasGasolina
MG_Contagem_10,Posto Ale Contagem 11,Ale,"Av. Minas Gerais, 6562",Bairro MG 14,Contagem,MG,39838-228,-19.896045816345303,-44.112236793364666,"5,97","4,63","5,81",N/A,2025-05-18,MinasGasolina
MG_Contagem_11,Posto Raízen Contagem 12,Raízen,"Av. Minas Gerais, 7710",Bairro MG 7,Contagem,MG,38650-217,-19.84349659236186,-44.096329014858725,"6,49","4,39","5,82",N/A,2025-05-18,MinasGasolina
MG_Contagem_12,Posto Ipiranga Contagem 13,Ipiranga,"Av. Brasil, 8768",Bairro MG 7,Contagem,MG,33307-145,-19.997704037867923,-44.10466347189227,"5,79","4,98","4,76","3,86",2025-05-18,MinasGasolina
MG_Contagem_13,Posto Petrobras Contagem 14,Petrobras,"Av. Amazonas, 3305",Bairro MG 1,Contagem,MG,34413-112,-19.860110509058956,-44.106623279659715,"5,50","4,02","5,30",N/A,2025-05-18,MinasGasolina
MG_Contagem_14,Posto Raízen Contagem 15,Raízen,"Av. Minas Gerais, 3348",Bairro MG 3,Contagem,MG,36039-342,-20.026872232556197,-44.09307361483188,"6,07","4,72","5,70",N/A,2025-05-18,MinasGasolina
MG_Contagem_15,Posto Shell Contagem 16,Shell,"Av. Amazonas, 3209",Bairro MG 3,Contagem,MG,37463-746,-20.029267046254937,-44.056970312849316,"5,73","4,70","4,96","3,27",2025-05-18,MinasGasolina
MG_Contagem_16,Posto Raízen Contagem 17,Raízen,"Av. Amazonas, 463",Bairro MG 6,Contagem,MG,33364-727,-19.939257515300284,-44.03754663667566,"5,33","4,87","5,08",N/A,2025-05-18,MinasGasolina
MG_Contagem_17,Posto Petrobras Contagem 18,Petrobras,"Av. Amazonas, 491",Bairro MG 8,Contagem,MG,32230-155,-19.96313401322889,-44.12110855407421,"5,48","4,85","5,96",N/A,2025-05-18,MinasGasolina
MG_Divinópolis_0,Posto Ipiranga Divinópolis 1,Ipiranga,"Av. Afonso Pena, 1698",Bairro MG 11,Divinópolis,MG,33609-289,-20.190949247700413,-44.840857214423174,"5,47","5,08","5,51",N/A,2025-05-18,MinasGasolina
MG_Divinópolis_1,Posto Shell Divinópolis 2,Shell,"Av. Brasil, 436",Bairro MG 8,Divinópolis,MG,32291-571,-20.054087992022183,-44.881966301407935,"6,35","4,55","5,33","3,98",2025-05-18,MinasGasolina
MG_Divinópolis_2,Posto Petrobras Divinópolis 3,Petrobras,"Av. Minas Gerais, 9389",Bairro MG 2,Divinópolis,MG,36029-477,-20.199268629201555,-44.90216430744784,"5,46","4,86","4,84",N/A,2025-05-18,MinasGasolina
MG_Divinópolis_3,Posto Shell Divinópolis 4,Shell,"Av. Minas Gerais, 381",Bairro MG 9,Divinópolis,MG,34721-462,-20.095080368538582,-44.82444448272146,"5,35","4,71","5,66","4,52",2025-05-18,MinasGasolina
MG_Divinópolis_4,Posto Raízen Divinópolis 5,Raízen,"Av. Brasil, 8091",Bairro MG 8,Divinópolis,MG,38881-362,-20.090265320561215,-44.96244777553999,"6,23","4,45","5,28",N/A,2025-05-18,MinasGasolina
MG_Divinópolis_5,Posto Ipiranga Divinópolis 6,Ipiranga,"Av. Afonso Pena, 7078",Bairro MG 10,Divinópolis,MG,30801-397,-20.194839206148895,-44.83584976306267,"6,08","4,79","5,41",N/A,2025-05-18,MinasGasolina
MG_Divinópolis_6,Posto Ale Divinópolis 7,Ale,"Av. Brasil, 943",Bairro MG 13,Divinópolis,MG,35633-806,-20.12628013698129,-44.9769402113,"6,01","3,76","5,92",N/A,2025-05-18,MinasGasolina
MG_Divinópolis_7,Posto Bandeira Branca Divinópolis 8,Bandeira Branca,"Av. Brasil, 306",Bairro MG 5,Divinópolis,MG,34873-646,-20.226821089020856,-44.98637804437217,"5,62","3,76","5,24",N/A,2025-05-18,MinasGasolina
MG_Divinópolis_8,Posto Raízen Divinópolis 9,Raízen,"Av. Minas Gerais, 2469",Bairro MG 10,Divinópolis,MG,38582-563,-20.162719210289406,-44.82598388056204,"5,93","3,88","6,14",N/A,2025-05-18,MinasGasolina
MG_Divinópolis_9,Posto Ale Divinópolis 10,Ale,"Av. Amazonas, 6196",Bairro MG 15,Divinópolis,MG,35962-662,-20.211479030622193,-44.87710644908097,"5,65","4,04","5,62","4,54",2025-05-18,MinasGasolina
MG_Divinópolis_10,Posto Petrobras Divinópolis 11,Petrobras,"Av. Minas Gerais, 8157",Bairro MG 13,Divinópolis,MG,37348-446,-20.065089970724678,-44.8560210030097,"6,56","4,66","5,63",N/A,2025-05-18,MinasGasolina
MG_Divinópolis_11,Posto Raízen Divinópolis 12,Raízen,"Av. Amazonas, 1407",Bairro MG 8,Divinópolis,MG,38654-823,-20.057617128789953,-44.82558711237848,"5,89","3,80","5,01","3,60",2025-05-18,MinasGasolina
MG_Divinópolis_12,Posto Shell Divinópolis 13,Shell,"Av. Minas Gerais, 655",Bairro MG 9,Divinópolis,MG,32259-688,-20.236989499272337,-44.80660195545992,"5,80","3,96","5,39","3,21",2025-05-18,MinasGasolina
MG_Divinópolis_13,Posto Ipiranga Divinópolis 14,Ipiranga,"Av. Amazonas, 6913",Bairro MG 10,Divinópolis,MG,30816-750,-20.135916399962735,-44.961514304064124,"5,93","5,12","5,03","4,49",2025-05-18,MinasGasolina
MG_Divinópolis_14,Posto Shell Divinópolis 15,Shell,"Av. Afonso Pena, 1154",Bairro MG 8,Divinópolis,MG,34102-525,-20.16292903076399,-44.88942677886761,"5,46","4,79","4,91",N/A,2025-05-18,MinasGasolina
MG_Divinópolis_15,Posto Shell Divinópolis 16,Shell,"Av. Brasil, 5797",Bairro MG 8,Divinópolis,MG,37108-530,-20.205121638279852,-44.8004586654962,"5,30","3,98","5,41","3,72",2025-05-18,MinasGasolina
MG_Divinópolis_16,Posto Shell Divinópolis 17,Shell,"Av. Amazonas, 5247",Bairro MG 13,Divinópolis,MG,31270-681,-20.141701323288647,-44.79274018746377,"6,15","4,85","5,71",N/A,2025-05-18,MinasGasolina
MG_Divinópolis_17,Posto Shell Divinópolis 18,Shell,"Av. Brasil, 7199",Bairro MG 2,Divinópolis,MG,36675-327,-20.175450162594917,-44.943333024884176,"5,50","4,41","5,53","3,62",2025-05-18,MinasGasolina
MG_Divinópolis_18,Posto Raízen Divinópolis 19,Raízen,"Av. Minas Gerais, 2590",Bairro MG 14,Divinópolis,MG,39588-728,-20.233082902771596,-44.93131893773769,"5,89","4,94","5,10","4,12",2025-05-18,MinasGasolina
MG_Divinópolis_19,Posto Raízen Divinópolis 20,Raízen,"Av. Afonso Pena, 6449",Bairro MG 9,Divinópolis,MG,34602-506,-20.242408736174603,-44.81512021141565,"5,93","3,96","6,19","3,21",2025-05-18,MinasGasolina
MG_Divinópolis_20,Posto Ipiranga Divinópolis 21,Ipiranga,"Av. Brasil, 806",Bairro MG 11,Divinópolis,MG,31101-113,-20.156036385387193,-44.91406829054417,"6,07","4,06","5,57","4,49",2025-05-18,MinasGasolina
MG_Divinópolis_21,Posto Bandeira Branca Divinópolis 22,Bandeira Branca,"Av. Afonso Pena, 6936",Bairro MG 8,Divinópolis,MG,32622-896,-20.208643967449714,-44.844405093210575,"5,67","4,76","5,10",N/A,2025-05-18,MinasGasolina
MG_Divinópolis_22,Posto Shell Divinópolis 23,Shell,"Av. Afonso Pena, 7755",Bairro MG 7,Divinópolis,MG,38178-306,-20.24020363466412,-44.812245523916054,"6,17","3,75","4,90","3,18",2025-05-18,MinasGasolina
MG_Divinópolis_23,Posto Ale Divinópolis 24,Ale,"Av. Afonso Pena, 1696",Bairro MG 7,Divinópolis,MG,38284-837,-20.204955784565957,-44.865920121290706,"6,52","4,78","5,10","3,54",2025-05-18,MinasGasolina
MG_Divinópolis_24,Posto Shell Divinópolis 25,Shell,"Av. Amazonas, 4721",Bairro MG 4,Divinópolis,MG,35744-509,-20.081195910213566,-44.91368279108219,"6,07","4,51","4,80",N/A,2025-05-18,MinasGasolina
MG_Divinópolis_25,Posto Ale Divinópolis 26,Ale,"Av. Brasil, 7401",Bairro MG 13,Divinópolis,MG,35500-460,-20.097349326196987,-44.90868028038264,"5,69","4,71","6,02",N/A,2025-05-18,MinasGasolina
MG_Barbacena_0,Posto Ipiranga Barbacena 1,Ipiranga,"Av. Afonso Pena, 365",Bairro MG 9,Barbacena,MG,38121-170,-21.24758334729635,-43.76437896738068,"5,42","4,66","6,00","3,31",2025-05-18,MinasGasolina
MG_Barbacena_1,Posto Bandeira Branca Barbacena 2,Bandeira Branca,"Av. Minas Gerais, 8106",Bairro MG 12,Barbacena,MG,39413-454,-21.202023843077292,-43.73564877444641,"6,21","4,87","4,75",N/A,2025-05-18,MinasGasolina
MG_Barbacena_2,Posto Ale Barbacena 3,Ale,"Av. Brasil, 9968",Bairro MG 11,Barbacena,MG,39835-949,-21.20010635046857,-43.68812867727704,"5,51","4,23","5,84",N/A,2025-05-18,MinasGasolina
MG_Barbacena_3,Posto Petrobras Barbacena 4,Petrobras,"Av. Brasil, 3121",Bairro MG 1,Barbacena,MG,36791-889,-21.263121323554973,-43.83004560402657,"5,88","3,91","5,60",N/A,2025-05-18,MinasGasolina
MG_Barbacena_4,Posto Ipiranga Barbacena 5,Ipiranga,"Av. Minas Gerais, 5365",Bairro MG 12,Barbacena,MG,34318-333,-21.281368164662137,-43.72677588747352,"6,14","4,56","5,84",N/A,2025-05-18,MinasGasolina
MG_Barbacena_5,Posto Ipiranga Barbacena 6,Ipiranga,"Av. Minas Gerais, 5290",Bairro MG 13,Barbacena,MG,37725-207,-21.221595712517498,-43.83733884079734,"5,99","4,04","5,00","4,35",2025-05-18,MinasGasolina
MG_Barbacena_6,Posto Raízen Barbacena 7,Raízen,"Av. Minas Gerais, 3570",Bairro MG 12,Barbacena,MG,35349-363,-21.189728043013332,-43.67951245989826,"6,60","4,76","4,79",N/A,2025-05-18,MinasGasolina
MG_Barbacena_7,Posto Petrobras Barbacena 8,Petrobras,"Av. Minas Gerais, 3319",Bairro MG 10,Barbacena,MG,30517-702,-21.12926572099924,-43.77004798814633,"5,60","3,87","5,03",N/A,2025-05-18,MinasGasolina
MG_Barbacena_8,Posto Petrobras Barbacena 9,Petrobras,"Av. Brasil, 4061",Bairro MG 6,Barbacena,MG,36039-778,-21.228325136493016,-43.81452137038824,"6,50","3,83","6,05","4,03",2025-05-18,MinasGasolina
MG_Barbacena_9,Posto Petrobras Barbacena 10,Petrobras,"Av. Brasil, 4537",Bairro MG 5,Barbacena,MG,32007-620,-21.135236365928456,-43.71658779089761,"6,45","4,74","5,85","3,49",2025-05-18,MinasGasolina
MG_Barbacena_10,Posto Ale Barbacena 11,Ale,"Av. Minas Gerais, 5628",Bairro MG 1,Barbacena,MG,33041-416,-21.21586362186244,-43.8734208073702,"5,63","4,60","5,62","3,22",2025-05-18,MinasGasolina
MG_Barbacena_11,Posto Petrobras Barbacena 12,Petrobras,"Av. Afonso Pena, 167",Bairro MG 9,Barbacena,MG,38102-882,-21.161189978369155,-43.8024487852604,"6,34","4,86","6,09","4,07",2025-05-18,MinasGasolina
MG_Barbacena_12,Posto Ale Barbacena 13,Ale,"Av. Afonso Pena, 560",Bairro MG 13,Barbacena,MG,38245-400,-21.265090597511207,-43.698896357800876,"6,49","5,02","6,15","4,43",2025-05-18,MinasGasolina
MG_Barbacena_13,Posto Ipiranga Barbacena 14,Ipiranga,"Av. Amazonas, 8369",Bairro MG 13,Barbacena,MG,32403-694,-21.24884523320276,-43.83025591778541,"6,27","4,62","5,32",N/A,2025-05-18,MinasGasolina
MG_Barbacena_14,Posto Ipiranga Barbacena 15,Ipiranga,"Av. Amazonas, 9112",Bairro MG 2,Barbacena,MG,33719-478,-21.131757479749837,-43.68793707007226,"5,29","4,45","6,10","3,95",2025-05-18,MinasGasolina
MG_Barbacena_15,Posto Shell Barbacena 16,Shell,"Av. Amazonas, 8811",Bairro MG 2,Barbacena,MG,37467-412,-21.219055587955793,-43.6802736294943,"6,37","4,63","6,14",N/A,2025-05-18,MinasGasolina
MG_Barbacena_16,Posto Petrobras Barbacena 17,Petrobras,"Av. Amazonas, 2348",Bairro MG 3,Barbacena,MG,30232-899,-21.173820882076527,-43.76410513162549,"6,17","4,67","5,81","4,52",2025-05-18,MinasGasolina
MG_Barbacena_17,Posto Raízen Barbacena 18,Raízen,"Av. Amazonas, 4382",Bairro MG 9,Barbacena,MG,32025-900,-21.194588450499033,-43.70781978633262,"6,65","3,85","5,03","4,45",2025-05-18,MinasGasolina
MG_Barbacena_18,Posto Bandeira Branca Barbacena 19,Bandeira Branca,"Av. Afonso Pena, 9065",Bairro MG 7,Barbacena,MG,38790-572,-21.196994796966017,-43.792093261349116,"6,51","4,52","6,14","4,12",2025-05-18,MinasGasolina
MG_Barbacena_19,Posto Ipiranga Barbacena 20,Ipiranga,"Av. Minas Gerais, 6099",Bairro MG 15,Barbacena,MG,33102-647,-21.133280822242106,-43.819570656414676,"5,28","4,10","5,92","3,90",2025-05-18,MinasGasolina
MG_Barbacena_20,Posto Petrobras Barbacena 21,Petrobras,"Av. Afonso Pena, 8505",Bairro MG 8,Barbacena,MG,30382-962,-21.247747742267016,-43.81787730091206,"5,94","5,16","5,20",N/A,2025-05-18,MinasGasolina
MG_Barbacena_21,Posto Ipiranga Barbacena 22,Ipiranga,"Av. Amazonas, 882",Bairro MG 11,Barbacena,MG,35692-183,-21.14798280980301,-43.83330965477639,"5,31","4,78","5,86","4,09",2025-05-18,MinasGasolina
MG_Barbacena_22,Posto Ale Barbacena 23,Ale,"Av. Brasil, 2867",Bairro MG 11,Barbacena,MG,37119-120,-21.153228755319706,-43.777342286957385,"6,52","3,74","6,14","4,28",2025-05-18,MinasGasolina
